--
-- PostgreSQL database dump
--

\restrict rLorStM53ciohBygeW6eR3PhAb1XY7fqoheXfSYNR9tXwG5AYDpSAKUAhEmtzwR

-- Dumped from database version 14.19 (Debian 14.19-1.pgdg13+1)
-- Dumped by pg_dump version 14.19 (Debian 14.19-1.pgdg13+1)

SET statement_timeout = 0;
SET lock_timeout = 0;
SET idle_in_transaction_session_timeout = 0;
SET client_encoding = 'UTF8';
SET standard_conforming_strings = on;
SELECT pg_catalog.set_config('search_path', '', false);
SET check_function_bodies = false;
SET xmloption = content;
SET client_min_messages = warning;
SET row_security = off;

SET default_tablespace = '';

SET default_table_access_method = heap;

--
-- Name: grupo_rubrica; Type: TABLE; Schema: public; Owner: tesourario
--

CREATE TABLE public.grupo_rubrica (
    ativo boolean NOT NULL,
    entradas numeric(38,2) DEFAULT 0.0 NOT NULL,
    saidas numeric(38,2) DEFAULT 0.0 NOT NULL,
    id bigint NOT NULL,
    nome character varying(255) NOT NULL,
    grupo_financeiro_id bigint NOT NULL
);


ALTER TABLE public.grupo_rubrica OWNER TO tesourario;

--
-- Name: grupo_rubrica_id_seq1; Type: SEQUENCE; Schema: public; Owner: tesourario
--

ALTER TABLE public.grupo_rubrica ALTER COLUMN id ADD GENERATED BY DEFAULT AS IDENTITY (
    SEQUENCE NAME public.grupo_rubrica_id_seq1
    START WITH 1
    INCREMENT BY 1
    NO MINVALUE
    NO MAXVALUE
    CACHE 1
);


--
-- Name: grupos_financeiros; Type: TABLE; Schema: public; Owner: tesourario
--

CREATE TABLE public.grupos_financeiros (
    ativo boolean NOT NULL,
    id bigint NOT NULL,
    descricao character varying(255),
    nome character varying(255) NOT NULL
);


ALTER TABLE public.grupos_financeiros OWNER TO tesourario;

--
-- Name: grupos_financeiros_id_seq1; Type: SEQUENCE; Schema: public; Owner: tesourario
--

ALTER TABLE public.grupos_financeiros ALTER COLUMN id ADD GENERATED BY DEFAULT AS IDENTITY (
    SEQUENCE NAME public.grupos_financeiros_id_seq1
    START WITH 1
    INCREMENT BY 1
    NO MINVALUE
    NO MAXVALUE
    CACHE 1
);


--
-- Name: movimentos; Type: TABLE; Schema: public; Owner: tesourario
--

CREATE TABLE public.movimentos (
    valor numeric(38,2) NOT NULL,
    grupo_rubrica_id bigint NOT NULL,
    conta_id bigint NOT NULL,
    data_hora timestamp(6) without time zone NOT NULL,
    id bigint NOT NULL,
    rubrica_id bigint NOT NULL,
    origem_destino character varying(255),
    tipo character varying(255) NOT NULL,
    fornecedor_id bigint,
    socio_id bigint,
    ano_lancamento integer,
    mes_lancamento integer,
    cobranca_id bigint,
    grupo_financeiro_id bigint NOT NULL,
    CONSTRAINT movimentos_tipo_check CHECK (((tipo)::text = ANY (ARRAY[('ENTRADA'::character varying)::text, ('SAIDA'::character varying)::text])))
);


ALTER TABLE public.movimentos OWNER TO tesourario;

--
-- Name: movimentos_id_seq; Type: SEQUENCE; Schema: public; Owner: tesourario
--

CREATE SEQUENCE public.movimentos_id_seq
    START WITH 1
    INCREMENT BY 1
    NO MINVALUE
    NO MAXVALUE
    CACHE 1;


ALTER TABLE public.movimentos_id_seq OWNER TO tesourario;

--
-- Name: movimentos_id_seq; Type: SEQUENCE OWNED BY; Schema: public; Owner: tesourario
--

ALTER SEQUENCE public.movimentos_id_seq OWNED BY public.movimentos.id;


--
-- Name: rubricas; Type: TABLE; Schema: public; Owner: tesourario
--

CREATE TABLE public.rubricas (
    valor_padrao numeric(38,2) NOT NULL,
    grupo_rubrica_id bigint NOT NULL,
    id bigint NOT NULL,
    nome character varying(255) NOT NULL,
    tipo character varying(255) NOT NULL,
    CONSTRAINT rubricas_tipo_check CHECK (((tipo)::text = ANY (ARRAY[('RECEITA'::character varying)::text, ('DESPESA'::character varying)::text])))
);


ALTER TABLE public.rubricas OWNER TO tesourario;

--
-- Name: rubricas_id_seq1; Type: SEQUENCE; Schema: public; Owner: tesourario
--

ALTER TABLE public.rubricas ALTER COLUMN id ADD GENERATED BY DEFAULT AS IDENTITY (
    SEQUENCE NAME public.rubricas_id_seq1
    START WITH 1
    INCREMENT BY 1
    NO MINVALUE
    NO MAXVALUE
    CACHE 1
);


--
-- Name: movimentos id; Type: DEFAULT; Schema: public; Owner: tesourario
--

ALTER TABLE ONLY public.movimentos ALTER COLUMN id SET DEFAULT nextval('public.movimentos_id_seq'::regclass);


--
-- Data for Name: grupo_rubrica; Type: TABLE DATA; Schema: public; Owner: tesourario
--

COPY public.grupo_rubrica (ativo, entradas, saidas, id, nome, grupo_financeiro_id) FROM stdin;
t	0.00	0.00	1	TAXA DE ENCONTRO DOS PAIS	1
t	0.00	0.00	4	TARIFAS BANCÁRIAS - SAQUE	1
t	0.00	0.00	5	DESPESAS DE MANUTENÇÃO	1
t	0.00	0.00	6	IMPOSTO ISS	1
t	0.00	0.00	7	CONCESSIONÁRIA DE ENERGIA ELÉTRICA	1
t	0.00	0.00	8	CONSTRUÇÃO	1
t	0.00	0.00	9	BENEFICÊNCIA - CESTA ALIMENTAÇÃO - ZELADOR	1
t	0.00	0.00	10	MANUTENÇÃO UNIDADE	1
t	0.00	0.00	11	ORIENTAÇÃO ESPIRITUAL	1
t	0.00	0.00	13	RESERVA BILHETE	1
t	0.00	0.00	14	CAIXA ORGAN	1
t	0.00	0.00	12	DEPARTAMENTO DE PROMOÇÃO	1
t	0.00	0.00	3	REPASSE REGIONAL	1
t	0.00	0.00	2	REPASSE NACIONAL	1
\.


--
-- Data for Name: grupos_financeiros; Type: TABLE DATA; Schema: public; Owner: tesourario
--

COPY public.grupos_financeiros (ativo, id, descricao, nome) FROM stdin;
t	1	Grupo para todas as receitas	Receitas
t	2	Grupo para todas as despesas	Despesas
\.


--
-- Data for Name: movimentos; Type: TABLE DATA; Schema: public; Owner: tesourario
--

COPY public.movimentos (valor, grupo_rubrica_id, conta_id, data_hora, id, rubrica_id, origem_destino, tipo, fornecedor_id, socio_id, ano_lancamento, mes_lancamento, cobranca_id, grupo_financeiro_id) FROM stdin;
30.00	14	1	2025-08-30 00:00:00	2	20	Recebimento de outras rubricas: ANGELA DE OLIVEIRA BONFIM CALIMAN	ENTRADA	\N	27	2025	8	\N	1
20.00	14	1	2025-08-30 00:00:00	3	21	Recebimento de outras rubricas: ANGELA DE OLIVEIRA BONFIM CALIMAN	ENTRADA	\N	27	2025	8	\N	1
1.60	2	1	2025-08-30 00:00:00	5	1	Recebimento Mensalidade Sócio: ISMAEL FELIZARDO SOARES DE OLIVEIRA - RECEBIMENTO FUNDO REGIONAL	ENTRADA	\N	33	2025	8	270	1
14.38	2	1	2025-08-30 00:00:00	6	32	Recebimento Mensalidade Sócio: ISMAEL FELIZARDO SOARES DE OLIVEIRA - TAXA REPASSE NACIONAL FP	ENTRADA	\N	33	2025	8	270	1
1.00	2	1	2025-08-30 00:00:00	7	35	Recebimento Mensalidade Sócio: ISMAEL FELIZARDO SOARES DE OLIVEIRA - TAXA REPASSE NACIONALFB	ENTRADA	\N	33	2025	8	270	1
2.79	2	1	2025-08-30 00:00:00	8	36	Recebimento Mensalidade Sócio: ISMAEL FELIZARDO SOARES DE OLIVEIRA - TAXA REPASSE NACIONAL CONTABILIDADE UNICA	ENTRADA	\N	33	2025	8	270	1
1.00	2	1	2025-08-30 00:00:00	9	34	Recebimento Mensalidade Sócio: ISMAEL FELIZARDO SOARES DE OLIVEIRA - TAXA REPASSE NACIONAL FA	ENTRADA	\N	33	2025	8	270	1
5.30	3	1	2025-08-30 00:00:00	10	3	Recebimento Mensalidade Sócio: ISMAEL FELIZARDO SOARES DE OLIVEIRA - TAXA BENEFICÊNCIA-REGIONAL	ENTRADA	\N	33	2025	8	270	1
0.00	2	1	2025-08-30 00:00:00	11	8	Recebimento Mensalidade Sócio: ISMAEL FELIZARDO SOARES DE OLIVEIRA - RECEBIMENTO REPASSE REGIONAL	ENTRADA	\N	33	2025	8	270	1
0.00	2	1	2025-08-30 00:00:00	12	29	Recebimento Mensalidade Sócio: ISMAEL FELIZARDO SOARES DE OLIVEIRA - PAGAMENTO REPASSE REGIONAL	ENTRADA	\N	33	2025	8	270	1
8.19	2	1	2025-08-30 00:00:00	13	33	Recebimento Mensalidade Sócio: ISMAEL FELIZARDO SOARES DE OLIVEIRA - TAXA REPASSE NACIONAL FS	ENTRADA	\N	33	2025	8	270	1
0.30	3	1	2025-08-30 00:00:00	14	4	Recebimento Mensalidade Sócio: ISMAEL FELIZARDO SOARES DE OLIVEIRA - TAXA FUNDO DE RESERVA-REGIONAL	ENTRADA	\N	33	2025	8	270	1
0.64	10	1	2025-08-30 00:00:00	15	5	Recebimento Mensalidade Sócio: ISMAEL FELIZARDO SOARES DE OLIVEIRA - MENSALIDADE	ENTRADA	\N	33	2025	8	270	1
4.80	3	1	2025-08-30 00:00:00	16	2	Recebimento Mensalidade Sócio: ISMAEL FELIZARDO SOARES DE OLIVEIRA - RECEBIMENTO PLANTIO	ENTRADA	\N	33	2025	8	270	1
2.79	2	1	2025-08-30 00:00:00	17	36	Recebimento Mensalidade Sócio: LAURA FELIZARDO SOARES DE OLIVEIRA ARAUJO - TAXA REPASSE NACIONAL CONTABILIDADE UNICA	ENTRADA	\N	36	2025	8	257	1
5.30	3	1	2025-08-30 00:00:00	18	3	Recebimento Mensalidade Sócio: LAURA FELIZARDO SOARES DE OLIVEIRA ARAUJO - TAXA BENEFICÊNCIA-REGIONAL	ENTRADA	\N	36	2025	8	257	1
4.80	3	1	2025-08-30 00:00:00	19	2	Recebimento Mensalidade Sócio: LAURA FELIZARDO SOARES DE OLIVEIRA ARAUJO - RECEBIMENTO PLANTIO	ENTRADA	\N	36	2025	8	257	1
1.00	2	1	2025-08-30 00:00:00	20	34	Recebimento Mensalidade Sócio: LAURA FELIZARDO SOARES DE OLIVEIRA ARAUJO - TAXA REPASSE NACIONAL FA	ENTRADA	\N	36	2025	8	257	1
8.19	2	1	2025-08-30 00:00:00	21	33	Recebimento Mensalidade Sócio: LAURA FELIZARDO SOARES DE OLIVEIRA ARAUJO - TAXA REPASSE NACIONAL FS	ENTRADA	\N	36	2025	8	257	1
0.30	3	1	2025-08-30 00:00:00	22	4	Recebimento Mensalidade Sócio: LAURA FELIZARDO SOARES DE OLIVEIRA ARAUJO - TAXA FUNDO DE RESERVA-REGIONAL	ENTRADA	\N	36	2025	8	257	1
95.64	10	1	2025-08-30 00:00:00	23	5	Recebimento Mensalidade Sócio: LAURA FELIZARDO SOARES DE OLIVEIRA ARAUJO - MENSALIDADE	ENTRADA	\N	36	2025	8	257	1
14.38	2	1	2025-08-30 00:00:00	24	32	Recebimento Mensalidade Sócio: LAURA FELIZARDO SOARES DE OLIVEIRA ARAUJO - TAXA REPASSE NACIONAL FP	ENTRADA	\N	36	2025	8	257	1
10.00	11	1	2025-08-30 00:00:00	25	6	Recebimento Mensalidade Sócio: LAURA FELIZARDO SOARES DE OLIVEIRA ARAUJO - ORIENTAÇÃO ESPIRITUAL	ENTRADA	\N	36	2025	8	257	1
1.60	2	1	2025-08-30 00:00:00	26	1	Recebimento Mensalidade Sócio: LAURA FELIZARDO SOARES DE OLIVEIRA ARAUJO - RECEBIMENTO FUNDO REGIONAL	ENTRADA	\N	36	2025	8	257	1
1.00	2	1	2025-08-30 00:00:00	27	35	Recebimento Mensalidade Sócio: LAURA FELIZARDO SOARES DE OLIVEIRA ARAUJO - TAXA REPASSE NACIONALFB	ENTRADA	\N	36	2025	8	257	1
0.00	2	1	2025-08-30 00:00:00	28	29	Recebimento Mensalidade Sócio: LAURA FELIZARDO SOARES DE OLIVEIRA ARAUJO - PAGAMENTO REPASSE REGIONAL	ENTRADA	\N	36	2025	8	257	1
0.00	2	1	2025-08-30 00:00:00	29	8	Recebimento Mensalidade Sócio: LAURA FELIZARDO SOARES DE OLIVEIRA ARAUJO - RECEBIMENTO REPASSE REGIONAL	ENTRADA	\N	36	2025	8	257	1
0.30	3	1	2025-08-30 00:00:00	30	4	Recebimento Mensalidade Sócio: ANDRE ANDERSON MENDES SOARES DE OLIVEIRA - TAXA FUNDO DE RESERVA-REGIONAL	ENTRADA	\N	26	2025	8	246	1
1.00	2	1	2025-08-30 00:00:00	31	35	Recebimento Mensalidade Sócio: ANDRE ANDERSON MENDES SOARES DE OLIVEIRA - TAXA REPASSE NACIONALFB	ENTRADA	\N	26	2025	8	246	1
1.60	2	1	2025-08-30 00:00:00	32	1	Recebimento Mensalidade Sócio: ANDRE ANDERSON MENDES SOARES DE OLIVEIRA - RECEBIMENTO FUNDO REGIONAL	ENTRADA	\N	26	2025	8	246	1
14.38	2	1	2025-08-30 00:00:00	33	32	Recebimento Mensalidade Sócio: ANDRE ANDERSON MENDES SOARES DE OLIVEIRA - TAXA REPASSE NACIONAL FP	ENTRADA	\N	26	2025	8	246	1
2.79	2	1	2025-08-30 00:00:00	34	36	Recebimento Mensalidade Sócio: ANDRE ANDERSON MENDES SOARES DE OLIVEIRA - TAXA REPASSE NACIONAL CONTABILIDADE UNICA	ENTRADA	\N	26	2025	8	246	1
8.19	2	1	2025-08-30 00:00:00	35	33	Recebimento Mensalidade Sócio: ANDRE ANDERSON MENDES SOARES DE OLIVEIRA - TAXA REPASSE NACIONAL FS	ENTRADA	\N	26	2025	8	246	1
5.30	3	1	2025-08-30 00:00:00	36	3	Recebimento Mensalidade Sócio: ANDRE ANDERSON MENDES SOARES DE OLIVEIRA - TAXA BENEFICÊNCIA-REGIONAL	ENTRADA	\N	26	2025	8	246	1
1.00	2	1	2025-08-30 00:00:00	37	34	Recebimento Mensalidade Sócio: ANDRE ANDERSON MENDES SOARES DE OLIVEIRA - TAXA REPASSE NACIONAL FA	ENTRADA	\N	26	2025	8	246	1
0.00	2	1	2025-08-30 00:00:00	38	8	Recebimento Mensalidade Sócio: ANDRE ANDERSON MENDES SOARES DE OLIVEIRA - RECEBIMENTO REPASSE REGIONAL	ENTRADA	\N	26	2025	8	246	1
4.80	3	1	2025-08-30 00:00:00	39	2	Recebimento Mensalidade Sócio: ANDRE ANDERSON MENDES SOARES DE OLIVEIRA - RECEBIMENTO PLANTIO	ENTRADA	\N	26	2025	8	246	1
10.64	10	1	2025-08-30 00:00:00	40	5	Recebimento Mensalidade Sócio: ANDRE ANDERSON MENDES SOARES DE OLIVEIRA - MENSALIDADE	ENTRADA	\N	26	2025	8	246	1
0.00	2	1	2025-08-30 00:00:00	41	29	Recebimento Mensalidade Sócio: ANDRE ANDERSON MENDES SOARES DE OLIVEIRA - PAGAMENTO REPASSE REGIONAL	ENTRADA	\N	26	2025	8	246	1
77.00	10	1	2025-08-30 00:00:00	42	5	Recebimento de outras rubricas: LAURA FELIZARDO SOARES DE OLIVEIRA ARAUJO	ENTRADA	\N	36	2025	8	\N	1
1151.94	3	1	2025-08-29 00:00:00	44	9	Quitação de Cobrança: Boleto pago - Cebudv Tesouraria Geral	SAIDA	\N	\N	2025	8	\N	1
300.00	12	1	2025-08-25 00:00:00	46	16	Recebimento de outras rubricas: PLAUGUS D´ITALO DE SOUSA ALMEIDA	ENTRADA	\N	63	2025	8	\N	1
200.00	12	1	2025-08-24 00:00:00	47	19	Recebimento de outras rubricas: ANGELA DE OLIVEIRA BONFIM CALIMAN	ENTRADA	\N	27	2025	8	\N	1
510.00	10	1	2025-08-13 00:00:00	48	18	Recebimento de outras rubricas: ADEMAR DAMASCENO SOARES	ENTRADA	\N	9	2025	8	\N	1
100.00	12	1	2025-08-18 00:00:00	49	16	Recebimento de outras rubricas: ALAN SERVIO DE ARAUJO	ENTRADA	\N	10	2025	8	\N	1
20.00	14	1	2025-08-17 00:00:00	50	21	Recebimento de outras rubricas: SERGE ERIC PITTET	ENTRADA	\N	8	2025	8	\N	1
40.64	10	1	2025-08-14 00:00:00	51	5	Recebimento Mensalidade Sócio: JOAO VICTOR MACIEL FERREIRA GOMES - MENSALIDADE	ENTRADA	\N	34	2025	8	280	1
14.38	2	1	2025-08-14 00:00:00	52	32	Recebimento Mensalidade Sócio: JOAO VICTOR MACIEL FERREIRA GOMES - TAXA REPASSE NACIONAL FP	ENTRADA	\N	34	2025	8	280	1
4.80	3	1	2025-08-14 00:00:00	53	2	Recebimento Mensalidade Sócio: JOAO VICTOR MACIEL FERREIRA GOMES - RECEBIMENTO PLANTIO	ENTRADA	\N	34	2025	8	280	1
1.00	2	1	2025-08-14 00:00:00	54	35	Recebimento Mensalidade Sócio: JOAO VICTOR MACIEL FERREIRA GOMES - TAXA REPASSE NACIONALFB	ENTRADA	\N	34	2025	8	280	1
1.00	2	1	2025-08-14 00:00:00	55	34	Recebimento Mensalidade Sócio: JOAO VICTOR MACIEL FERREIRA GOMES - TAXA REPASSE NACIONAL FA	ENTRADA	\N	34	2025	8	280	1
2.79	2	1	2025-08-14 00:00:00	56	36	Recebimento Mensalidade Sócio: JOAO VICTOR MACIEL FERREIRA GOMES - TAXA REPASSE NACIONAL CONTABILIDADE UNICA	ENTRADA	\N	34	2025	8	280	1
1.60	2	1	2025-08-14 00:00:00	57	1	Recebimento Mensalidade Sócio: JOAO VICTOR MACIEL FERREIRA GOMES - RECEBIMENTO FUNDO REGIONAL	ENTRADA	\N	34	2025	8	280	1
8.19	2	1	2025-08-14 00:00:00	58	33	Recebimento Mensalidade Sócio: JOAO VICTOR MACIEL FERREIRA GOMES - TAXA REPASSE NACIONAL FS	ENTRADA	\N	34	2025	8	280	1
0.30	3	1	2025-08-14 00:00:00	59	4	Recebimento Mensalidade Sócio: JOAO VICTOR MACIEL FERREIRA GOMES - TAXA FUNDO DE RESERVA-REGIONAL	ENTRADA	\N	34	2025	8	280	1
5.30	3	1	2025-08-14 00:00:00	60	3	Recebimento Mensalidade Sócio: JOAO VICTOR MACIEL FERREIRA GOMES - TAXA BENEFICÊNCIA-REGIONAL	ENTRADA	\N	34	2025	8	280	1
40.64	10	1	2025-08-14 00:00:00	61	5	Recebimento Mensalidade Sócio: MARINA CANDIDA DE LIMA BENTO - MENSALIDADE	ENTRADA	\N	16	2025	8	276	1
14.38	2	1	2025-08-14 00:00:00	62	32	Recebimento Mensalidade Sócio: MARINA CANDIDA DE LIMA BENTO - TAXA REPASSE NACIONAL FP	ENTRADA	\N	16	2025	8	276	1
4.80	3	1	2025-08-14 00:00:00	63	2	Recebimento Mensalidade Sócio: MARINA CANDIDA DE LIMA BENTO - RECEBIMENTO PLANTIO	ENTRADA	\N	16	2025	8	276	1
1.00	2	1	2025-08-14 00:00:00	64	35	Recebimento Mensalidade Sócio: MARINA CANDIDA DE LIMA BENTO - TAXA REPASSE NACIONALFB	ENTRADA	\N	16	2025	8	276	1
1.00	2	1	2025-08-14 00:00:00	65	34	Recebimento Mensalidade Sócio: MARINA CANDIDA DE LIMA BENTO - TAXA REPASSE NACIONAL FA	ENTRADA	\N	16	2025	8	276	1
2.79	2	1	2025-08-14 00:00:00	66	36	Recebimento Mensalidade Sócio: MARINA CANDIDA DE LIMA BENTO - TAXA REPASSE NACIONAL CONTABILIDADE UNICA	ENTRADA	\N	16	2025	8	276	1
1.60	2	1	2025-08-14 00:00:00	67	1	Recebimento Mensalidade Sócio: MARINA CANDIDA DE LIMA BENTO - RECEBIMENTO FUNDO REGIONAL	ENTRADA	\N	16	2025	8	276	1
8.19	2	1	2025-08-14 00:00:00	68	33	Recebimento Mensalidade Sócio: MARINA CANDIDA DE LIMA BENTO - TAXA REPASSE NACIONAL FS	ENTRADA	\N	16	2025	8	276	1
0.30	3	1	2025-08-14 00:00:00	69	4	Recebimento Mensalidade Sócio: MARINA CANDIDA DE LIMA BENTO - TAXA FUNDO DE RESERVA-REGIONAL	ENTRADA	\N	16	2025	8	276	1
5.30	3	1	2025-08-14 00:00:00	70	3	Recebimento Mensalidade Sócio: MARINA CANDIDA DE LIMA BENTO - TAXA BENEFICÊNCIA-REGIONAL	ENTRADA	\N	16	2025	8	276	1
218.00	13	1	2025-08-12 00:00:00	71	17	Recebimento de outras rubricas: EMANUEL LUIS DE MESSIAS ALVES	ENTRADA	\N	2	2025	8	\N	1
1.60	2	1	2025-08-12 00:00:00	72	1	Recebimento Mensalidade Sócio: EMANUEL LUIS DE MESSIAS ALVES - RECEBIMENTO FUNDO REGIONAL	ENTRADA	\N	2	2025	8	265	1
4.80	3	1	2025-08-12 00:00:00	73	2	Recebimento Mensalidade Sócio: EMANUEL LUIS DE MESSIAS ALVES - RECEBIMENTO PLANTIO	ENTRADA	\N	2	2025	8	265	1
0.30	3	1	2025-08-12 00:00:00	74	4	Recebimento Mensalidade Sócio: EMANUEL LUIS DE MESSIAS ALVES - TAXA FUNDO DE RESERVA-REGIONAL	ENTRADA	\N	2	2025	8	265	1
14.38	2	1	2025-08-12 00:00:00	75	32	Recebimento Mensalidade Sócio: EMANUEL LUIS DE MESSIAS ALVES - TAXA REPASSE NACIONAL FP	ENTRADA	\N	2	2025	8	265	1
95.64	10	1	2025-08-12 00:00:00	76	5	Recebimento Mensalidade Sócio: EMANUEL LUIS DE MESSIAS ALVES - MENSALIDADE	ENTRADA	\N	2	2025	8	265	1
30.00	9	1	2025-08-12 00:00:00	77	15	Recebimento Mensalidade Sócio: EMANUEL LUIS DE MESSIAS ALVES - BENEFICÊNCIA - CESTA ALIMENTAÇÃO - ZELADOR	ENTRADA	\N	2	2025	8	265	1
2.79	2	1	2025-08-12 00:00:00	78	36	Recebimento Mensalidade Sócio: EMANUEL LUIS DE MESSIAS ALVES - TAXA REPASSE NACIONAL CONTABILIDADE UNICA	ENTRADA	\N	2	2025	8	265	1
0.00	2	1	2025-08-12 00:00:00	79	8	Recebimento Mensalidade Sócio: EMANUEL LUIS DE MESSIAS ALVES - RECEBIMENTO REPASSE REGIONAL	ENTRADA	\N	2	2025	8	265	1
0.00	2	1	2025-08-12 00:00:00	80	29	Recebimento Mensalidade Sócio: EMANUEL LUIS DE MESSIAS ALVES - PAGAMENTO REPASSE REGIONAL	ENTRADA	\N	2	2025	8	265	1
5.30	3	1	2025-08-12 00:00:00	81	3	Recebimento Mensalidade Sócio: EMANUEL LUIS DE MESSIAS ALVES - TAXA BENEFICÊNCIA-REGIONAL	ENTRADA	\N	2	2025	8	265	1
1.00	2	1	2025-08-12 00:00:00	82	35	Recebimento Mensalidade Sócio: EMANUEL LUIS DE MESSIAS ALVES - TAXA REPASSE NACIONALFB	ENTRADA	\N	2	2025	8	265	1
1.00	2	1	2025-08-12 00:00:00	83	34	Recebimento Mensalidade Sócio: EMANUEL LUIS DE MESSIAS ALVES - TAXA REPASSE NACIONAL FA	ENTRADA	\N	2	2025	8	265	1
8.19	2	1	2025-08-12 00:00:00	84	33	Recebimento Mensalidade Sócio: EMANUEL LUIS DE MESSIAS ALVES - TAXA REPASSE NACIONAL FS	ENTRADA	\N	2	2025	8	265	1
8.19	2	1	2025-08-12 00:00:00	85	33	Recebimento Mensalidade Sócio: SANMADY LIMA DA ROCHA - TAXA REPASSE NACIONAL FS	ENTRADA	\N	19	2025	8	258	1
5.30	3	1	2025-08-12 00:00:00	86	3	Recebimento Mensalidade Sócio: SANMADY LIMA DA ROCHA - TAXA BENEFICÊNCIA-REGIONAL	ENTRADA	\N	19	2025	8	258	1
1.00	2	1	2025-08-12 00:00:00	87	34	Recebimento Mensalidade Sócio: SANMADY LIMA DA ROCHA - TAXA REPASSE NACIONAL FA	ENTRADA	\N	19	2025	8	258	1
14.38	2	1	2025-08-12 00:00:00	88	32	Recebimento Mensalidade Sócio: SANMADY LIMA DA ROCHA - TAXA REPASSE NACIONAL FP	ENTRADA	\N	19	2025	8	258	1
1.60	2	1	2025-08-12 00:00:00	89	1	Recebimento Mensalidade Sócio: SANMADY LIMA DA ROCHA - RECEBIMENTO FUNDO REGIONAL	ENTRADA	\N	19	2025	8	258	1
95.64	10	1	2025-08-12 00:00:00	90	5	Recebimento Mensalidade Sócio: SANMADY LIMA DA ROCHA - MENSALIDADE	ENTRADA	\N	19	2025	8	258	1
2.79	2	1	2025-08-12 00:00:00	91	36	Recebimento Mensalidade Sócio: SANMADY LIMA DA ROCHA - TAXA REPASSE NACIONAL CONTABILIDADE UNICA	ENTRADA	\N	19	2025	8	258	1
4.80	3	1	2025-08-12 00:00:00	92	2	Recebimento Mensalidade Sócio: SANMADY LIMA DA ROCHA - RECEBIMENTO PLANTIO	ENTRADA	\N	19	2025	8	258	1
1.00	2	1	2025-08-12 00:00:00	93	35	Recebimento Mensalidade Sócio: SANMADY LIMA DA ROCHA - TAXA REPASSE NACIONALFB	ENTRADA	\N	19	2025	8	258	1
0.30	3	1	2025-08-12 00:00:00	94	4	Recebimento Mensalidade Sócio: SANMADY LIMA DA ROCHA - TAXA FUNDO DE RESERVA-REGIONAL	ENTRADA	\N	19	2025	8	258	1
1.00	2	1	2025-08-12 00:00:00	95	35	Recebimento Mensalidade Sócio: LIA RAKEL ROCHA DE OLIVEIRA - TAXA REPASSE NACIONALFB	ENTRADA	\N	38	2025	8	254	1
1.60	2	1	2025-08-12 00:00:00	96	1	Recebimento Mensalidade Sócio: LIA RAKEL ROCHA DE OLIVEIRA - RECEBIMENTO FUNDO REGIONAL	ENTRADA	\N	38	2025	8	254	1
0.00	2	1	2025-08-12 00:00:00	97	8	Recebimento Mensalidade Sócio: LIA RAKEL ROCHA DE OLIVEIRA - RECEBIMENTO REPASSE REGIONAL	ENTRADA	\N	38	2025	8	254	1
4.80	3	1	2025-08-12 00:00:00	98	2	Recebimento Mensalidade Sócio: LIA RAKEL ROCHA DE OLIVEIRA - RECEBIMENTO PLANTIO	ENTRADA	\N	38	2025	8	254	1
99.04	10	1	2025-08-12 00:00:00	99	5	Recebimento Mensalidade Sócio: LIA RAKEL ROCHA DE OLIVEIRA - MENSALIDADE	ENTRADA	\N	38	2025	8	254	1
14.38	2	1	2025-08-12 00:00:00	100	32	Recebimento Mensalidade Sócio: LIA RAKEL ROCHA DE OLIVEIRA - TAXA REPASSE NACIONAL FP	ENTRADA	\N	38	2025	8	254	1
10.00	11	1	2025-08-12 00:00:00	101	6	Recebimento Mensalidade Sócio: LIA RAKEL ROCHA DE OLIVEIRA - ORIENTAÇÃO ESPIRITUAL	ENTRADA	\N	38	2025	8	254	1
8.19	2	1	2025-08-12 00:00:00	102	33	Recebimento Mensalidade Sócio: LIA RAKEL ROCHA DE OLIVEIRA - TAXA REPASSE NACIONAL FS	ENTRADA	\N	38	2025	8	254	1
0.00	2	1	2025-08-12 00:00:00	103	29	Recebimento Mensalidade Sócio: LIA RAKEL ROCHA DE OLIVEIRA - PAGAMENTO REPASSE REGIONAL	ENTRADA	\N	38	2025	8	254	1
2.79	2	1	2025-08-12 00:00:00	104	36	Recebimento Mensalidade Sócio: LIA RAKEL ROCHA DE OLIVEIRA - TAXA REPASSE NACIONAL CONTABILIDADE UNICA	ENTRADA	\N	38	2025	8	254	1
5.30	3	1	2025-08-12 00:00:00	105	3	Recebimento Mensalidade Sócio: LIA RAKEL ROCHA DE OLIVEIRA - TAXA BENEFICÊNCIA-REGIONAL	ENTRADA	\N	38	2025	8	254	1
1.60	3	1	2025-08-12 00:00:00	106	4	Recebimento Mensalidade Sócio: LIA RAKEL ROCHA DE OLIVEIRA - TAXA FUNDO DE RESERVA-REGIONAL	ENTRADA	\N	38	2025	8	254	1
1.00	2	1	2025-08-12 00:00:00	107	34	Recebimento Mensalidade Sócio: LIA RAKEL ROCHA DE OLIVEIRA - TAXA REPASSE NACIONAL FA	ENTRADA	\N	38	2025	8	254	1
0.30	3	1	2025-08-12 00:00:00	108	4	Recebimento Mensalidade Sócio: LIA RAKEL ROCHA DE OLIVEIRA - TAXA FUNDO DE RESERVA-REGIONAL	ENTRADA	\N	38	2025	8	254	1
1.00	2	1	2025-08-11 00:00:00	109	35	Recebimento Mensalidade Sócio: RACHEL MENDONÇA DIAS ALVES - TAXA REPASSE NACIONALFB	ENTRADA	\N	7	2025	8	252	1
1.60	2	1	2025-08-11 00:00:00	110	1	Recebimento Mensalidade Sócio: RACHEL MENDONÇA DIAS ALVES - RECEBIMENTO FUNDO REGIONAL	ENTRADA	\N	7	2025	8	252	1
0.00	2	1	2025-08-11 00:00:00	111	8	Recebimento Mensalidade Sócio: RACHEL MENDONÇA DIAS ALVES - RECEBIMENTO REPASSE REGIONAL	ENTRADA	\N	7	2025	8	252	1
4.80	3	1	2025-08-11 00:00:00	112	2	Recebimento Mensalidade Sócio: RACHEL MENDONÇA DIAS ALVES - RECEBIMENTO PLANTIO	ENTRADA	\N	7	2025	8	252	1
99.04	10	1	2025-08-11 00:00:00	113	5	Recebimento Mensalidade Sócio: RACHEL MENDONÇA DIAS ALVES - MENSALIDADE	ENTRADA	\N	7	2025	8	252	1
14.38	2	1	2025-08-11 00:00:00	114	32	Recebimento Mensalidade Sócio: RACHEL MENDONÇA DIAS ALVES - TAXA REPASSE NACIONAL FP	ENTRADA	\N	7	2025	8	252	1
10.00	11	1	2025-08-11 00:00:00	115	6	Recebimento Mensalidade Sócio: RACHEL MENDONÇA DIAS ALVES - ORIENTAÇÃO ESPIRITUAL	ENTRADA	\N	7	2025	8	252	1
8.19	2	1	2025-08-11 00:00:00	116	33	Recebimento Mensalidade Sócio: RACHEL MENDONÇA DIAS ALVES - TAXA REPASSE NACIONAL FS	ENTRADA	\N	7	2025	8	252	1
0.00	2	1	2025-08-11 00:00:00	117	29	Recebimento Mensalidade Sócio: RACHEL MENDONÇA DIAS ALVES - PAGAMENTO REPASSE REGIONAL	ENTRADA	\N	7	2025	8	252	1
2.79	2	1	2025-08-11 00:00:00	118	36	Recebimento Mensalidade Sócio: RACHEL MENDONÇA DIAS ALVES - TAXA REPASSE NACIONAL CONTABILIDADE UNICA	ENTRADA	\N	7	2025	8	252	1
5.30	3	1	2025-08-11 00:00:00	119	3	Recebimento Mensalidade Sócio: RACHEL MENDONÇA DIAS ALVES - TAXA BENEFICÊNCIA-REGIONAL	ENTRADA	\N	7	2025	8	252	1
1.60	3	1	2025-08-11 00:00:00	120	4	Recebimento Mensalidade Sócio: RACHEL MENDONÇA DIAS ALVES - TAXA FUNDO DE RESERVA-REGIONAL	ENTRADA	\N	7	2025	8	252	1
1.00	2	1	2025-08-11 00:00:00	121	34	Recebimento Mensalidade Sócio: RACHEL MENDONÇA DIAS ALVES - TAXA REPASSE NACIONAL FA	ENTRADA	\N	7	2025	8	252	1
0.30	3	1	2025-08-11 00:00:00	122	4	Recebimento Mensalidade Sócio: RACHEL MENDONÇA DIAS ALVES - TAXA FUNDO DE RESERVA-REGIONAL	ENTRADA	\N	7	2025	8	252	1
1.00	2	1	2025-08-11 00:00:00	123	35	Recebimento Mensalidade Sócio: KLEBER CASSIANO ALVES - TAXA REPASSE NACIONALFB	ENTRADA	\N	60	2025	8	284	1
1.60	2	1	2025-08-11 00:00:00	124	1	Recebimento Mensalidade Sócio: KLEBER CASSIANO ALVES - RECEBIMENTO FUNDO REGIONAL	ENTRADA	\N	60	2025	8	284	1
0.00	2	1	2025-08-11 00:00:00	125	8	Recebimento Mensalidade Sócio: KLEBER CASSIANO ALVES - RECEBIMENTO REPASSE REGIONAL	ENTRADA	\N	60	2025	8	284	1
4.80	3	1	2025-08-11 00:00:00	126	2	Recebimento Mensalidade Sócio: KLEBER CASSIANO ALVES - RECEBIMENTO PLANTIO	ENTRADA	\N	60	2025	8	284	1
99.04	10	1	2025-08-11 00:00:00	127	5	Recebimento Mensalidade Sócio: KLEBER CASSIANO ALVES - MENSALIDADE	ENTRADA	\N	60	2025	8	284	1
14.38	2	1	2025-08-11 00:00:00	128	32	Recebimento Mensalidade Sócio: KLEBER CASSIANO ALVES - TAXA REPASSE NACIONAL FP	ENTRADA	\N	60	2025	8	284	1
10.00	11	1	2025-08-11 00:00:00	129	6	Recebimento Mensalidade Sócio: KLEBER CASSIANO ALVES - ORIENTAÇÃO ESPIRITUAL	ENTRADA	\N	60	2025	8	284	1
8.19	2	1	2025-08-11 00:00:00	130	33	Recebimento Mensalidade Sócio: KLEBER CASSIANO ALVES - TAXA REPASSE NACIONAL FS	ENTRADA	\N	60	2025	8	284	1
0.00	2	1	2025-08-11 00:00:00	131	29	Recebimento Mensalidade Sócio: KLEBER CASSIANO ALVES - PAGAMENTO REPASSE REGIONAL	ENTRADA	\N	60	2025	8	284	1
2.79	2	1	2025-08-11 00:00:00	132	36	Recebimento Mensalidade Sócio: KLEBER CASSIANO ALVES - TAXA REPASSE NACIONAL CONTABILIDADE UNICA	ENTRADA	\N	60	2025	8	284	1
5.30	3	1	2025-08-11 00:00:00	133	3	Recebimento Mensalidade Sócio: KLEBER CASSIANO ALVES - TAXA BENEFICÊNCIA-REGIONAL	ENTRADA	\N	60	2025	8	284	1
1.60	3	1	2025-08-11 00:00:00	134	4	Recebimento Mensalidade Sócio: KLEBER CASSIANO ALVES - TAXA FUNDO DE RESERVA-REGIONAL	ENTRADA	\N	60	2025	8	284	1
1.00	2	1	2025-08-11 00:00:00	135	34	Recebimento Mensalidade Sócio: KLEBER CASSIANO ALVES - TAXA REPASSE NACIONAL FA	ENTRADA	\N	60	2025	8	284	1
0.30	3	1	2025-08-11 00:00:00	136	4	Recebimento Mensalidade Sócio: KLEBER CASSIANO ALVES - TAXA FUNDO DE RESERVA-REGIONAL	ENTRADA	\N	60	2025	8	284	1
1.00	2	1	2025-08-11 00:00:00	137	34	Recebimento Mensalidade Sócio: ANAMARIA GOMES MACIEL - TAXA REPASSE NACIONAL FA	ENTRADA	\N	25	2025	8	275	1
49.04	10	1	2025-08-11 00:00:00	138	5	Recebimento Mensalidade Sócio: ANAMARIA GOMES MACIEL - MENSALIDADE	ENTRADA	\N	25	2025	8	275	1
1.60	2	1	2025-08-11 00:00:00	139	1	Recebimento Mensalidade Sócio: ANAMARIA GOMES MACIEL - RECEBIMENTO FUNDO REGIONAL	ENTRADA	\N	25	2025	8	275	1
8.19	2	1	2025-08-11 00:00:00	140	33	Recebimento Mensalidade Sócio: ANAMARIA GOMES MACIEL - TAXA REPASSE NACIONAL FS	ENTRADA	\N	25	2025	8	275	1
2.79	2	1	2025-08-11 00:00:00	141	36	Recebimento Mensalidade Sócio: ANAMARIA GOMES MACIEL - TAXA REPASSE NACIONAL CONTABILIDADE UNICA	ENTRADA	\N	25	2025	8	275	1
1.00	2	1	2025-08-11 00:00:00	142	35	Recebimento Mensalidade Sócio: ANAMARIA GOMES MACIEL - TAXA REPASSE NACIONALFB	ENTRADA	\N	25	2025	8	275	1
0.30	3	1	2025-08-11 00:00:00	143	4	Recebimento Mensalidade Sócio: ANAMARIA GOMES MACIEL - TAXA FUNDO DE RESERVA-REGIONAL	ENTRADA	\N	25	2025	8	275	1
1.60	2	1	2025-08-11 00:00:00	144	8	Recebimento Mensalidade Sócio: ANAMARIA GOMES MACIEL - RECEBIMENTO REPASSE REGIONAL	ENTRADA	\N	25	2025	8	275	1
0.00	2	1	2025-08-11 00:00:00	145	29	Recebimento Mensalidade Sócio: ANAMARIA GOMES MACIEL - PAGAMENTO REPASSE REGIONAL	ENTRADA	\N	25	2025	8	275	1
14.38	2	1	2025-08-11 00:00:00	146	32	Recebimento Mensalidade Sócio: ANAMARIA GOMES MACIEL - TAXA REPASSE NACIONAL FP	ENTRADA	\N	25	2025	8	275	1
5.30	3	1	2025-08-11 00:00:00	147	3	Recebimento Mensalidade Sócio: ANAMARIA GOMES MACIEL - TAXA BENEFICÊNCIA-REGIONAL	ENTRADA	\N	25	2025	8	275	1
4.80	3	1	2025-08-11 00:00:00	148	2	Recebimento Mensalidade Sócio: ANAMARIA GOMES MACIEL - RECEBIMENTO PLANTIO	ENTRADA	\N	25	2025	8	275	1
0.00	2	1	2025-08-11 00:00:00	149	8	Recebimento Mensalidade Sócio: ANAMARIA GOMES MACIEL - RECEBIMENTO REPASSE REGIONAL	ENTRADA	\N	25	2025	8	275	1
1.00	2	1	2025-08-11 00:00:00	150	34	Recebimento Mensalidade Sócio: RACHEL CARVALHO GOMES MACIEL - TAXA REPASSE NACIONAL FA	ENTRADA	\N	6	2025	8	260	1
49.04	10	1	2025-08-11 00:00:00	151	5	Recebimento Mensalidade Sócio: RACHEL CARVALHO GOMES MACIEL - MENSALIDADE	ENTRADA	\N	6	2025	8	260	1
1.60	2	1	2025-08-11 00:00:00	152	1	Recebimento Mensalidade Sócio: RACHEL CARVALHO GOMES MACIEL - RECEBIMENTO FUNDO REGIONAL	ENTRADA	\N	6	2025	8	260	1
8.19	2	1	2025-08-11 00:00:00	153	33	Recebimento Mensalidade Sócio: RACHEL CARVALHO GOMES MACIEL - TAXA REPASSE NACIONAL FS	ENTRADA	\N	6	2025	8	260	1
2.79	2	1	2025-08-11 00:00:00	154	36	Recebimento Mensalidade Sócio: RACHEL CARVALHO GOMES MACIEL - TAXA REPASSE NACIONAL CONTABILIDADE UNICA	ENTRADA	\N	6	2025	8	260	1
1.00	2	1	2025-08-11 00:00:00	155	35	Recebimento Mensalidade Sócio: RACHEL CARVALHO GOMES MACIEL - TAXA REPASSE NACIONALFB	ENTRADA	\N	6	2025	8	260	1
0.30	3	1	2025-08-11 00:00:00	156	4	Recebimento Mensalidade Sócio: RACHEL CARVALHO GOMES MACIEL - TAXA FUNDO DE RESERVA-REGIONAL	ENTRADA	\N	6	2025	8	260	1
1.60	2	1	2025-08-11 00:00:00	157	8	Recebimento Mensalidade Sócio: RACHEL CARVALHO GOMES MACIEL - RECEBIMENTO REPASSE REGIONAL	ENTRADA	\N	6	2025	8	260	1
0.00	2	1	2025-08-11 00:00:00	158	29	Recebimento Mensalidade Sócio: RACHEL CARVALHO GOMES MACIEL - PAGAMENTO REPASSE REGIONAL	ENTRADA	\N	6	2025	8	260	1
14.38	2	1	2025-08-11 00:00:00	159	32	Recebimento Mensalidade Sócio: RACHEL CARVALHO GOMES MACIEL - TAXA REPASSE NACIONAL FP	ENTRADA	\N	6	2025	8	260	1
5.30	3	1	2025-08-11 00:00:00	160	3	Recebimento Mensalidade Sócio: RACHEL CARVALHO GOMES MACIEL - TAXA BENEFICÊNCIA-REGIONAL	ENTRADA	\N	6	2025	8	260	1
4.80	3	1	2025-08-11 00:00:00	161	2	Recebimento Mensalidade Sócio: RACHEL CARVALHO GOMES MACIEL - RECEBIMENTO PLANTIO	ENTRADA	\N	6	2025	8	260	1
0.00	2	1	2025-08-11 00:00:00	162	8	Recebimento Mensalidade Sócio: RACHEL CARVALHO GOMES MACIEL - RECEBIMENTO REPASSE REGIONAL	ENTRADA	\N	6	2025	8	260	1
1.00	2	1	2025-08-11 00:00:00	163	34	Recebimento Mensalidade Sócio: JOSÉ MARQUES MACIEL - TAXA REPASSE NACIONAL FA	ENTRADA	\N	4	2025	8	249	1
49.04	10	1	2025-08-11 00:00:00	164	5	Recebimento Mensalidade Sócio: JOSÉ MARQUES MACIEL - MENSALIDADE	ENTRADA	\N	4	2025	8	249	1
1.60	2	1	2025-08-11 00:00:00	165	1	Recebimento Mensalidade Sócio: JOSÉ MARQUES MACIEL - RECEBIMENTO FUNDO REGIONAL	ENTRADA	\N	4	2025	8	249	1
8.19	2	1	2025-08-11 00:00:00	166	33	Recebimento Mensalidade Sócio: JOSÉ MARQUES MACIEL - TAXA REPASSE NACIONAL FS	ENTRADA	\N	4	2025	8	249	1
2.79	2	1	2025-08-11 00:00:00	167	36	Recebimento Mensalidade Sócio: JOSÉ MARQUES MACIEL - TAXA REPASSE NACIONAL CONTABILIDADE UNICA	ENTRADA	\N	4	2025	8	249	1
1.00	2	1	2025-08-11 00:00:00	168	35	Recebimento Mensalidade Sócio: JOSÉ MARQUES MACIEL - TAXA REPASSE NACIONALFB	ENTRADA	\N	4	2025	8	249	1
0.30	3	1	2025-08-11 00:00:00	169	4	Recebimento Mensalidade Sócio: JOSÉ MARQUES MACIEL - TAXA FUNDO DE RESERVA-REGIONAL	ENTRADA	\N	4	2025	8	249	1
1.60	2	1	2025-08-11 00:00:00	170	8	Recebimento Mensalidade Sócio: JOSÉ MARQUES MACIEL - RECEBIMENTO REPASSE REGIONAL	ENTRADA	\N	4	2025	8	249	1
0.00	2	1	2025-08-11 00:00:00	171	29	Recebimento Mensalidade Sócio: JOSÉ MARQUES MACIEL - PAGAMENTO REPASSE REGIONAL	ENTRADA	\N	4	2025	8	249	1
14.38	2	1	2025-08-11 00:00:00	172	32	Recebimento Mensalidade Sócio: JOSÉ MARQUES MACIEL - TAXA REPASSE NACIONAL FP	ENTRADA	\N	4	2025	8	249	1
5.30	3	1	2025-08-11 00:00:00	173	3	Recebimento Mensalidade Sócio: JOSÉ MARQUES MACIEL - TAXA BENEFICÊNCIA-REGIONAL	ENTRADA	\N	4	2025	8	249	1
4.80	3	1	2025-08-11 00:00:00	174	2	Recebimento Mensalidade Sócio: JOSÉ MARQUES MACIEL - RECEBIMENTO PLANTIO	ENTRADA	\N	4	2025	8	249	1
0.00	2	1	2025-08-11 00:00:00	175	8	Recebimento Mensalidade Sócio: JOSÉ MARQUES MACIEL - RECEBIMENTO REPASSE REGIONAL	ENTRADA	\N	4	2025	8	249	1
14.38	2	1	2025-08-10 00:00:00	176	32	Recebimento Mensalidade Sócio: VANESSA SOUZA DE OLIVEIRA - TAXA REPASSE NACIONAL FP	ENTRADA	\N	22	2025	8	273	1
0.00	2	1	2025-08-10 00:00:00	177	8	Recebimento Mensalidade Sócio: VANESSA SOUZA DE OLIVEIRA - RECEBIMENTO REPASSE REGIONAL	ENTRADA	\N	22	2025	8	273	1
5.30	3	1	2025-08-10 00:00:00	178	3	Recebimento Mensalidade Sócio: VANESSA SOUZA DE OLIVEIRA - TAXA BENEFICÊNCIA-REGIONAL	ENTRADA	\N	22	2025	8	273	1
4.80	3	1	2025-08-10 00:00:00	179	2	Recebimento Mensalidade Sócio: VANESSA SOUZA DE OLIVEIRA - RECEBIMENTO PLANTIO	ENTRADA	\N	22	2025	8	273	1
1.60	2	1	2025-08-10 00:00:00	180	1	Recebimento Mensalidade Sócio: VANESSA SOUZA DE OLIVEIRA - RECEBIMENTO FUNDO REGIONAL	ENTRADA	\N	22	2025	8	273	1
8.19	2	1	2025-08-10 00:00:00	181	33	Recebimento Mensalidade Sócio: VANESSA SOUZA DE OLIVEIRA - TAXA REPASSE NACIONAL FS	ENTRADA	\N	22	2025	8	273	1
1.00	2	1	2025-08-10 00:00:00	182	35	Recebimento Mensalidade Sócio: VANESSA SOUZA DE OLIVEIRA - TAXA REPASSE NACIONALFB	ENTRADA	\N	22	2025	8	273	1
2.79	2	1	2025-08-10 00:00:00	183	36	Recebimento Mensalidade Sócio: VANESSA SOUZA DE OLIVEIRA - TAXA REPASSE NACIONAL CONTABILIDADE UNICA	ENTRADA	\N	22	2025	8	273	1
0.00	2	1	2025-08-10 00:00:00	184	29	Recebimento Mensalidade Sócio: VANESSA SOUZA DE OLIVEIRA - PAGAMENTO REPASSE REGIONAL	ENTRADA	\N	22	2025	8	273	1
1.00	2	1	2025-08-10 00:00:00	185	34	Recebimento Mensalidade Sócio: VANESSA SOUZA DE OLIVEIRA - TAXA REPASSE NACIONAL FA	ENTRADA	\N	22	2025	8	273	1
10.64	10	1	2025-08-10 00:00:00	186	5	Recebimento Mensalidade Sócio: VANESSA SOUZA DE OLIVEIRA - MENSALIDADE	ENTRADA	\N	22	2025	8	273	1
0.30	3	1	2025-08-10 00:00:00	187	4	Recebimento Mensalidade Sócio: VANESSA SOUZA DE OLIVEIRA - TAXA FUNDO DE RESERVA-REGIONAL	ENTRADA	\N	22	2025	8	273	1
1.00	2	1	2025-08-10 00:00:00	188	35	Recebimento Mensalidade Sócio: THOMPSOM THAUZER RODRIGUES DE ARAÚJO - TAXA REPASSE NACIONALFB	ENTRADA	\N	46	2025	8	261	1
8.19	2	1	2025-08-10 00:00:00	189	33	Recebimento Mensalidade Sócio: THOMPSOM THAUZER RODRIGUES DE ARAÚJO - TAXA REPASSE NACIONAL FS	ENTRADA	\N	46	2025	8	261	1
2.79	2	1	2025-08-10 00:00:00	190	36	Recebimento Mensalidade Sócio: THOMPSOM THAUZER RODRIGUES DE ARAÚJO - TAXA REPASSE NACIONAL CONTABILIDADE UNICA	ENTRADA	\N	46	2025	8	261	1
0.00	2	1	2025-08-10 00:00:00	191	29	Recebimento Mensalidade Sócio: THOMPSOM THAUZER RODRIGUES DE ARAÚJO - PAGAMENTO REPASSE REGIONAL	ENTRADA	\N	46	2025	8	261	1
5.30	3	1	2025-08-10 00:00:00	192	3	Recebimento Mensalidade Sócio: THOMPSOM THAUZER RODRIGUES DE ARAÚJO - TAXA BENEFICÊNCIA-REGIONAL	ENTRADA	\N	46	2025	8	261	1
1.60	2	1	2025-08-10 00:00:00	193	1	Recebimento Mensalidade Sócio: THOMPSOM THAUZER RODRIGUES DE ARAÚJO - RECEBIMENTO FUNDO REGIONAL	ENTRADA	\N	46	2025	8	261	1
0.30	3	1	2025-08-10 00:00:00	194	4	Recebimento Mensalidade Sócio: THOMPSOM THAUZER RODRIGUES DE ARAÚJO - TAXA FUNDO DE RESERVA-REGIONAL	ENTRADA	\N	46	2025	8	261	1
1.00	2	1	2025-08-10 00:00:00	195	34	Recebimento Mensalidade Sócio: THOMPSOM THAUZER RODRIGUES DE ARAÚJO - TAXA REPASSE NACIONAL FA	ENTRADA	\N	46	2025	8	261	1
4.80	3	1	2025-08-10 00:00:00	196	2	Recebimento Mensalidade Sócio: THOMPSOM THAUZER RODRIGUES DE ARAÚJO - RECEBIMENTO PLANTIO	ENTRADA	\N	46	2025	8	261	1
14.38	2	1	2025-08-10 00:00:00	197	32	Recebimento Mensalidade Sócio: THOMPSOM THAUZER RODRIGUES DE ARAÚJO - TAXA REPASSE NACIONAL FP	ENTRADA	\N	46	2025	8	261	1
85.64	10	1	2025-08-10 00:00:00	198	5	Recebimento Mensalidade Sócio: THOMPSOM THAUZER RODRIGUES DE ARAÚJO - MENSALIDADE	ENTRADA	\N	46	2025	8	261	1
1.00	2	1	2025-08-10 00:00:00	199	35	Recebimento Mensalidade Sócio: MARIA TAINARA PEREIRA PESSOA GOUVEIA - TAXA REPASSE NACIONALFB	ENTRADA	\N	41	2025	8	274	1
8.19	2	1	2025-08-10 00:00:00	200	33	Recebimento Mensalidade Sócio: MARIA TAINARA PEREIRA PESSOA GOUVEIA - TAXA REPASSE NACIONAL FS	ENTRADA	\N	41	2025	8	274	1
2.79	2	1	2025-08-10 00:00:00	201	36	Recebimento Mensalidade Sócio: MARIA TAINARA PEREIRA PESSOA GOUVEIA - TAXA REPASSE NACIONAL CONTABILIDADE UNICA	ENTRADA	\N	41	2025	8	274	1
0.00	2	1	2025-08-10 00:00:00	202	29	Recebimento Mensalidade Sócio: MARIA TAINARA PEREIRA PESSOA GOUVEIA - PAGAMENTO REPASSE REGIONAL	ENTRADA	\N	41	2025	8	274	1
5.30	3	1	2025-08-10 00:00:00	203	3	Recebimento Mensalidade Sócio: MARIA TAINARA PEREIRA PESSOA GOUVEIA - TAXA BENEFICÊNCIA-REGIONAL	ENTRADA	\N	41	2025	8	274	1
1.60	2	1	2025-08-10 00:00:00	204	1	Recebimento Mensalidade Sócio: MARIA TAINARA PEREIRA PESSOA GOUVEIA - RECEBIMENTO FUNDO REGIONAL	ENTRADA	\N	41	2025	8	274	1
0.30	3	1	2025-08-10 00:00:00	205	4	Recebimento Mensalidade Sócio: MARIA TAINARA PEREIRA PESSOA GOUVEIA - TAXA FUNDO DE RESERVA-REGIONAL	ENTRADA	\N	41	2025	8	274	1
1.00	2	1	2025-08-10 00:00:00	206	34	Recebimento Mensalidade Sócio: MARIA TAINARA PEREIRA PESSOA GOUVEIA - TAXA REPASSE NACIONAL FA	ENTRADA	\N	41	2025	8	274	1
4.80	3	1	2025-08-10 00:00:00	207	2	Recebimento Mensalidade Sócio: MARIA TAINARA PEREIRA PESSOA GOUVEIA - RECEBIMENTO PLANTIO	ENTRADA	\N	41	2025	8	274	1
14.38	2	1	2025-08-10 00:00:00	208	32	Recebimento Mensalidade Sócio: MARIA TAINARA PEREIRA PESSOA GOUVEIA - TAXA REPASSE NACIONAL FP	ENTRADA	\N	41	2025	8	274	1
85.64	10	1	2025-08-10 00:00:00	209	5	Recebimento Mensalidade Sócio: MARIA TAINARA PEREIRA PESSOA GOUVEIA - MENSALIDADE	ENTRADA	\N	41	2025	8	274	1
0.30	3	1	2025-08-10 00:00:00	210	4	Recebimento Mensalidade Sócio: MARCELO DE CARVALHO FILGUEIRAS - TAXA FUNDO DE RESERVA-REGIONAL	ENTRADA	\N	3	2025	8	266	1
10.00	11	1	2025-08-10 00:00:00	211	6	Recebimento Mensalidade Sócio: MARCELO DE CARVALHO FILGUEIRAS - ORIENTAÇÃO ESPIRITUAL	ENTRADA	\N	3	2025	8	266	1
1.60	2	1	2025-08-10 00:00:00	212	1	Recebimento Mensalidade Sócio: MARCELO DE CARVALHO FILGUEIRAS - RECEBIMENTO FUNDO REGIONAL	ENTRADA	\N	3	2025	8	266	1
0.00	2	1	2025-08-10 00:00:00	213	29	Recebimento Mensalidade Sócio: MARCELO DE CARVALHO FILGUEIRAS - PAGAMENTO REPASSE REGIONAL	ENTRADA	\N	3	2025	8	266	1
2.79	2	1	2025-08-10 00:00:00	214	36	Recebimento Mensalidade Sócio: MARCELO DE CARVALHO FILGUEIRAS - TAXA REPASSE NACIONAL CONTABILIDADE UNICA	ENTRADA	\N	3	2025	8	266	1
14.38	2	1	2025-08-10 00:00:00	215	32	Recebimento Mensalidade Sócio: MARCELO DE CARVALHO FILGUEIRAS - TAXA REPASSE NACIONAL FP	ENTRADA	\N	3	2025	8	266	1
1.00	2	1	2025-08-10 00:00:00	216	34	Recebimento Mensalidade Sócio: MARCELO DE CARVALHO FILGUEIRAS - TAXA REPASSE NACIONAL FA	ENTRADA	\N	3	2025	8	266	1
0.00	2	1	2025-08-10 00:00:00	217	8	Recebimento Mensalidade Sócio: MARCELO DE CARVALHO FILGUEIRAS - RECEBIMENTO REPASSE REGIONAL	ENTRADA	\N	3	2025	8	266	1
8.19	2	1	2025-08-10 00:00:00	218	33	Recebimento Mensalidade Sócio: MARCELO DE CARVALHO FILGUEIRAS - TAXA REPASSE NACIONAL FS	ENTRADA	\N	3	2025	8	266	1
95.64	10	1	2025-08-10 00:00:00	219	5	Recebimento Mensalidade Sócio: MARCELO DE CARVALHO FILGUEIRAS - MENSALIDADE	ENTRADA	\N	3	2025	8	266	1
5.30	3	1	2025-08-10 00:00:00	220	3	Recebimento Mensalidade Sócio: MARCELO DE CARVALHO FILGUEIRAS - TAXA BENEFICÊNCIA-REGIONAL	ENTRADA	\N	3	2025	8	266	1
4.80	3	1	2025-08-10 00:00:00	221	2	Recebimento Mensalidade Sócio: MARCELO DE CARVALHO FILGUEIRAS - RECEBIMENTO PLANTIO	ENTRADA	\N	3	2025	8	266	1
1.00	2	1	2025-08-10 00:00:00	222	35	Recebimento Mensalidade Sócio: MARCELO DE CARVALHO FILGUEIRAS - TAXA REPASSE NACIONALFB	ENTRADA	\N	3	2025	8	266	1
0.30	3	1	2025-08-10 00:00:00	223	4	Recebimento Mensalidade Sócio: GRAZIELA DE MORAES RUBIM FILGUEIRAS - TAXA FUNDO DE RESERVA-REGIONAL	ENTRADA	\N	13	2025	8	269	1
10.00	11	1	2025-08-10 00:00:00	224	6	Recebimento Mensalidade Sócio: GRAZIELA DE MORAES RUBIM FILGUEIRAS - ORIENTAÇÃO ESPIRITUAL	ENTRADA	\N	13	2025	8	269	1
1.60	2	1	2025-08-10 00:00:00	225	1	Recebimento Mensalidade Sócio: GRAZIELA DE MORAES RUBIM FILGUEIRAS - RECEBIMENTO FUNDO REGIONAL	ENTRADA	\N	13	2025	8	269	1
0.00	2	1	2025-08-10 00:00:00	226	29	Recebimento Mensalidade Sócio: GRAZIELA DE MORAES RUBIM FILGUEIRAS - PAGAMENTO REPASSE REGIONAL	ENTRADA	\N	13	2025	8	269	1
2.79	2	1	2025-08-10 00:00:00	227	36	Recebimento Mensalidade Sócio: GRAZIELA DE MORAES RUBIM FILGUEIRAS - TAXA REPASSE NACIONAL CONTABILIDADE UNICA	ENTRADA	\N	13	2025	8	269	1
14.38	2	1	2025-08-10 00:00:00	228	32	Recebimento Mensalidade Sócio: GRAZIELA DE MORAES RUBIM FILGUEIRAS - TAXA REPASSE NACIONAL FP	ENTRADA	\N	13	2025	8	269	1
1.00	2	1	2025-08-10 00:00:00	229	34	Recebimento Mensalidade Sócio: GRAZIELA DE MORAES RUBIM FILGUEIRAS - TAXA REPASSE NACIONAL FA	ENTRADA	\N	13	2025	8	269	1
0.00	2	1	2025-08-10 00:00:00	230	8	Recebimento Mensalidade Sócio: GRAZIELA DE MORAES RUBIM FILGUEIRAS - RECEBIMENTO REPASSE REGIONAL	ENTRADA	\N	13	2025	8	269	1
8.19	2	1	2025-08-10 00:00:00	231	33	Recebimento Mensalidade Sócio: GRAZIELA DE MORAES RUBIM FILGUEIRAS - TAXA REPASSE NACIONAL FS	ENTRADA	\N	13	2025	8	269	1
95.64	10	1	2025-08-10 00:00:00	232	5	Recebimento Mensalidade Sócio: GRAZIELA DE MORAES RUBIM FILGUEIRAS - MENSALIDADE	ENTRADA	\N	13	2025	8	269	1
5.30	3	1	2025-08-10 00:00:00	233	3	Recebimento Mensalidade Sócio: GRAZIELA DE MORAES RUBIM FILGUEIRAS - TAXA BENEFICÊNCIA-REGIONAL	ENTRADA	\N	13	2025	8	269	1
4.80	3	1	2025-08-10 00:00:00	234	2	Recebimento Mensalidade Sócio: GRAZIELA DE MORAES RUBIM FILGUEIRAS - RECEBIMENTO PLANTIO	ENTRADA	\N	13	2025	8	269	1
1.00	2	1	2025-08-10 00:00:00	235	35	Recebimento Mensalidade Sócio: GRAZIELA DE MORAES RUBIM FILGUEIRAS - TAXA REPASSE NACIONALFB	ENTRADA	\N	13	2025	8	269	1
150.00	12	1	2025-08-08 00:00:00	236	16	Recebimento de outras rubricas: ALEXANDRE KEMENES	ENTRADA	\N	11	2025	8	\N	1
1.00	2	1	2025-08-08 00:00:00	237	34	Recebimento Mensalidade Sócio: SARA MARIA DE ARAÚJO SANTOS - TAXA REPASSE NACIONAL FA	ENTRADA	\N	20	2025	8	279	1
49.04	10	1	2025-08-08 00:00:00	238	5	Recebimento Mensalidade Sócio: SARA MARIA DE ARAÚJO SANTOS - MENSALIDADE	ENTRADA	\N	20	2025	8	279	1
1.60	2	1	2025-08-08 00:00:00	239	1	Recebimento Mensalidade Sócio: SARA MARIA DE ARAÚJO SANTOS - RECEBIMENTO FUNDO REGIONAL	ENTRADA	\N	20	2025	8	279	1
8.19	2	1	2025-08-08 00:00:00	240	33	Recebimento Mensalidade Sócio: SARA MARIA DE ARAÚJO SANTOS - TAXA REPASSE NACIONAL FS	ENTRADA	\N	20	2025	8	279	1
2.79	2	1	2025-08-08 00:00:00	241	36	Recebimento Mensalidade Sócio: SARA MARIA DE ARAÚJO SANTOS - TAXA REPASSE NACIONAL CONTABILIDADE UNICA	ENTRADA	\N	20	2025	8	279	1
1.00	2	1	2025-08-08 00:00:00	242	35	Recebimento Mensalidade Sócio: SARA MARIA DE ARAÚJO SANTOS - TAXA REPASSE NACIONALFB	ENTRADA	\N	20	2025	8	279	1
0.30	3	1	2025-08-08 00:00:00	243	4	Recebimento Mensalidade Sócio: SARA MARIA DE ARAÚJO SANTOS - TAXA FUNDO DE RESERVA-REGIONAL	ENTRADA	\N	20	2025	8	279	1
1.60	2	1	2025-08-08 00:00:00	244	8	Recebimento Mensalidade Sócio: SARA MARIA DE ARAÚJO SANTOS - RECEBIMENTO REPASSE REGIONAL	ENTRADA	\N	20	2025	8	279	1
0.00	2	1	2025-08-08 00:00:00	245	29	Recebimento Mensalidade Sócio: SARA MARIA DE ARAÚJO SANTOS - PAGAMENTO REPASSE REGIONAL	ENTRADA	\N	20	2025	8	279	1
14.38	2	1	2025-08-08 00:00:00	246	32	Recebimento Mensalidade Sócio: SARA MARIA DE ARAÚJO SANTOS - TAXA REPASSE NACIONAL FP	ENTRADA	\N	20	2025	8	279	1
5.30	3	1	2025-08-08 00:00:00	247	3	Recebimento Mensalidade Sócio: SARA MARIA DE ARAÚJO SANTOS - TAXA BENEFICÊNCIA-REGIONAL	ENTRADA	\N	20	2025	8	279	1
4.80	3	1	2025-08-08 00:00:00	248	2	Recebimento Mensalidade Sócio: SARA MARIA DE ARAÚJO SANTOS - RECEBIMENTO PLANTIO	ENTRADA	\N	20	2025	8	279	1
0.00	2	1	2025-08-08 00:00:00	249	8	Recebimento Mensalidade Sócio: SARA MARIA DE ARAÚJO SANTOS - RECEBIMENTO REPASSE REGIONAL	ENTRADA	\N	20	2025	8	279	1
\.


--
-- Data for Name: rubricas; Type: TABLE DATA; Schema: public; Owner: tesourario
--

COPY public.rubricas (valor_padrao, grupo_rubrica_id, id, nome, tipo) FROM stdin;
50.00	10	5	MENSALIDADE	RECEITA
0.00	11	6	ORIENTAÇÃO ESPIRITUAL	RECEITA
0.00	10	10	TARIFAS BANCÁRIAS - SAQUE	DESPESA
0.00	10	11	DESPESAS DE MANUTENÇÃO	DESPESA
0.00	6	12	IMPOSTO ISS	DESPESA
0.00	10	13	CONCESSIONÁRIA DE ENERGIA ELÉTRICA	DESPESA
0.00	8	14	DESPESAS DE CONSTRUÇÃO	DESPESA
0.00	9	15	BENEFICÊNCIA - CESTA ALIMENTAÇÃO - ZELADOR	RECEITA
218.00	13	17	DOAÇÃO BILHETE DE VIAGEM MESTES VICENTE	RECEITA
0.00	10	18	RECEBIMENTO DE TRANSFERÊNCIA DE VALORES DEPOSITADOS EM CONTA INCORRETA	RECEITA
0.00	12	19	PROMOÇÃO CAMISAS 7 DE SETEMBRO 2025	RECEITA
0.00	12	16	PROMOÇÃO - RIFA PASSEIO	RECEITA
0.00	14	20	RECEBIMENTO DIZIMO E CAIXINHA DA BOA VONTADE	RECEITA
10.00	14	21	RECEBIMENTO DE JANTAR	RECEITA
1.60	2	1	RECEBIMENTO FUNDO REGIONAL	RECEITA
4.80	3	2	RECEBIMENTO PLANTIO	RECEITA
0.00	1	7	TAXA DE ENCONTRO DOS PAIS	RECEITA
0.00	2	8	RECEBIMENTO REPASSE REGIONAL	RECEITA
0.00	10	22	EXTORNO MENSALIDADE	DESPESA
350.00	10	23	PAGEMENTO ZELADOR	DESPESA
1250.00	3	24	REPASSE NACIONAL	DESPESA
9.90	10	25	TARIFA BANCARIA - SAQUE	DESPESA
9.90	9	26	CESTA-SR JONAS BENEFICENCIA	DESPESA
9.90	12	27	REPASSE PREMIO DA RIFA PASSEIO	DESPESA
9.90	10	28	PAGAMENTO INTERNET	DESPESA
0.00	2	29	PAGAMENTO REPASSE REGIONAL	DESPESA
0.00	5	30	DESPESA DO PLANTIO	DESPESA
0.00	12	31	DESPESAS CONFECÇÃO CAMISAS 7 SETEMBRO	DESPESA
0.00	3	9	 PAGAMENTO REPASSE NACIONAL	DESPESA
14.38	2	32	TAXA REPASSE NACIONAL FP	RECEITA
8.19	2	33	TAXA REPASSE NACIONAL FS	RECEITA
1.00	2	34	TAXA REPASSE NACIONAL FA	RECEITA
1.00	2	35	TAXA REPASSE NACIONALFB	RECEITA
2.79	2	36	TAXA REPASSE NACIONAL CONTABILIDADE UNICA	RECEITA
5.30	3	3	TAXA BENEFICÊNCIA-REGIONAL	RECEITA
0.30	3	4	TAXA FUNDO DE RESERVA-REGIONAL	RECEITA
\.


--
-- Name: grupo_rubrica_id_seq1; Type: SEQUENCE SET; Schema: public; Owner: tesourario
--

SELECT pg_catalog.setval('public.grupo_rubrica_id_seq1', 1, false);


--
-- Name: grupos_financeiros_id_seq1; Type: SEQUENCE SET; Schema: public; Owner: tesourario
--

SELECT pg_catalog.setval('public.grupos_financeiros_id_seq1', 2, true);


--
-- Name: movimentos_id_seq; Type: SEQUENCE SET; Schema: public; Owner: tesourario
--

SELECT pg_catalog.setval('public.movimentos_id_seq', 249, true);


--
-- Name: rubricas_id_seq1; Type: SEQUENCE SET; Schema: public; Owner: tesourario
--

SELECT pg_catalog.setval('public.rubricas_id_seq1', 1, false);


--
-- Name: grupo_rubrica grupo_rubrica_pkey; Type: CONSTRAINT; Schema: public; Owner: tesourario
--

ALTER TABLE ONLY public.grupo_rubrica
    ADD CONSTRAINT grupo_rubrica_pkey PRIMARY KEY (id);


--
-- Name: grupos_financeiros grupos_financeiros_pkey; Type: CONSTRAINT; Schema: public; Owner: tesourario
--

ALTER TABLE ONLY public.grupos_financeiros
    ADD CONSTRAINT grupos_financeiros_pkey PRIMARY KEY (id);


--
-- Name: rubricas rubricas_pkey; Type: CONSTRAINT; Schema: public; Owner: tesourario
--

ALTER TABLE ONLY public.rubricas
    ADD CONSTRAINT rubricas_pkey PRIMARY KEY (id);


--
-- Name: movimentos fk40yutv0u5sb6kfgccievt544v; Type: FK CONSTRAINT; Schema: public; Owner: tesourario
--

ALTER TABLE ONLY public.movimentos
    ADD CONSTRAINT fk40yutv0u5sb6kfgccievt544v FOREIGN KEY (fornecedor_id) REFERENCES public.fornecedores(id);


--
-- Name: movimentos fk8mx45qddi8bdgs4tn1d3y2sgy; Type: FK CONSTRAINT; Schema: public; Owner: tesourario
--

ALTER TABLE ONLY public.movimentos
    ADD CONSTRAINT fk8mx45qddi8bdgs4tn1d3y2sgy FOREIGN KEY (grupo_financeiro_id) REFERENCES public.grupos_financeiros(id);


--
-- Name: grupo_rubrica fk_grupo_rubrica_grupo_financeiro; Type: FK CONSTRAINT; Schema: public; Owner: tesourario
--

ALTER TABLE ONLY public.grupo_rubrica
    ADD CONSTRAINT fk_grupo_rubrica_grupo_financeiro FOREIGN KEY (grupo_financeiro_id) REFERENCES public.grupos_financeiros(id);


--
-- Name: rubricas fk_rubricas_grupo_rubrica; Type: FK CONSTRAINT; Schema: public; Owner: tesourario
--

ALTER TABLE ONLY public.rubricas
    ADD CONSTRAINT fk_rubricas_grupo_rubrica FOREIGN KEY (grupo_rubrica_id) REFERENCES public.grupo_rubrica(id);


--
-- Name: movimentos fkadkfsy7qm9g7d6177kc2u2fcg; Type: FK CONSTRAINT; Schema: public; Owner: tesourario
--

ALTER TABLE ONLY public.movimentos
    ADD CONSTRAINT fkadkfsy7qm9g7d6177kc2u2fcg FOREIGN KEY (conta_id) REFERENCES public.conta_financeira(id);


--
-- Name: movimentos fkhmu2oo334yl8s0vi4bp8p9xh8; Type: FK CONSTRAINT; Schema: public; Owner: tesourario
--

ALTER TABLE ONLY public.movimentos
    ADD CONSTRAINT fkhmu2oo334yl8s0vi4bp8p9xh8 FOREIGN KEY (grupo_rubrica_id) REFERENCES public.grupo_rubrica(id);


--
-- Name: movimentos fkii53wp4yjqktg1irt2mpewwfn; Type: FK CONSTRAINT; Schema: public; Owner: tesourario
--

ALTER TABLE ONLY public.movimentos
    ADD CONSTRAINT fkii53wp4yjqktg1irt2mpewwfn FOREIGN KEY (cobranca_id) REFERENCES public.cobrancas(id);


--
-- Name: movimentos fkjffdlf39vloqvu2qwgeyartrt; Type: FK CONSTRAINT; Schema: public; Owner: tesourario
--

ALTER TABLE ONLY public.movimentos
    ADD CONSTRAINT fkjffdlf39vloqvu2qwgeyartrt FOREIGN KEY (socio_id) REFERENCES public.socios(id);


--
-- Name: movimentos fkr9ip2dgwey9vbjo7ju4dg1udn; Type: FK CONSTRAINT; Schema: public; Owner: tesourario
--

ALTER TABLE ONLY public.movimentos
    ADD CONSTRAINT fkr9ip2dgwey9vbjo7ju4dg1udn FOREIGN KEY (rubrica_id) REFERENCES public.rubricas(id);


--
-- PostgreSQL database dump complete
--

\unrestrict rLorStM53ciohBygeW6eR3PhAb1XY7fqoheXfSYNR9tXwG5AYDpSAKUAhEmtzwR

