--
-- PostgreSQL database dump
--

\restrict flLbT5p5MN15qoeqm0QF7KfJWK2K6I6tWdF3Jd5rIlwlmeDfMn07lcHniMexgNs

-- Dumped from database version 14.19 (Debian 14.19-1.pgdg13+1)
-- Dumped by pg_dump version 14.19 (Debian 14.19-1.pgdg13+1)

SET statement_timeout = 0;
SET lock_timeout = 0;
SET idle_in_transaction_session_timeout = 0;
SET client_encoding = 'UTF8';
SET standard_conforming_strings = on;
SELECT pg_catalog.set_config('search_path', '', false);
SET check_function_bodies = false;
SET xmloption = content;
SET client_min_messages = warning;
SET row_security = off;

SET default_tablespace = '';

SET default_table_access_method = heap;

--
-- Name: socios; Type: TABLE; Schema: public; Owner: tesourario
--

CREATE TABLE public.socios (
    data_cadastro date NOT NULL,
    data_nascimento date,
    grau integer NOT NULL,
    grupo_mensalidade_id bigint,
    id bigint NOT NULL,
    socio_titular_id bigint,
    usuario_id bigint,
    celular character varying(20),
    telefone_residencial character varying(20),
    email_alternativo character varying(100),
    cpf character varying(255) NOT NULL,
    endereco_residencial character varying(255),
    nome character varying(255) NOT NULL,
    status character varying(255) NOT NULL,
    CONSTRAINT socios_status_check CHECK (((status)::text = ANY (ARRAY[('FREQUENTE'::character varying)::text, ('INATIVO'::character varying)::text, ('AFASTADO'::character varying)::text, ('CANCELADO'::character varying)::text])))
);


ALTER TABLE public.socios OWNER TO tesourario;

--
-- Name: socios_id_seq1; Type: SEQUENCE; Schema: public; Owner: tesourario
--

ALTER TABLE public.socios ALTER COLUMN id ADD GENERATED BY DEFAULT AS IDENTITY (
    SEQUENCE NAME public.socios_id_seq1
    START WITH 1
    INCREMENT BY 1
    NO MINVALUE
    NO MAXVALUE
    CACHE 1
);


--
-- Name: usuario_roles; Type: TABLE; Schema: public; Owner: tesourario
--

CREATE TABLE public.usuario_roles (
    role_id bigint NOT NULL,
    usuario_id bigint NOT NULL
);


ALTER TABLE public.usuario_roles OWNER TO tesourario;

--
-- Name: usuarios; Type: TABLE; Schema: public; Owner: tesourario
--

CREATE TABLE public.usuarios (
    id bigint NOT NULL,
    socio_id bigint,
    password character varying(255) NOT NULL,
    username character varying(255) NOT NULL
);


ALTER TABLE public.usuarios OWNER TO tesourario;

--
-- Name: usuarios_id_seq1; Type: SEQUENCE; Schema: public; Owner: tesourario
--

ALTER TABLE public.usuarios ALTER COLUMN id ADD GENERATED BY DEFAULT AS IDENTITY (
    SEQUENCE NAME public.usuarios_id_seq1
    START WITH 1
    INCREMENT BY 1
    NO MINVALUE
    NO MAXVALUE
    CACHE 1
);


--
-- Data for Name: socios; Type: TABLE DATA; Schema: public; Owner: tesourario
--

COPY public.socios (data_cadastro, data_nascimento, grau, grupo_mensalidade_id, id, socio_titular_id, usuario_id, celular, telefone_residencial, email_alternativo, cpf, endereco_residencial, nome, status) FROM stdin;
2025-09-09	1981-02-20	4	\N	24	\N	\N				00231662319	"	ALAN JONES PORTO AGUIAR	AFASTADO
2025-09-09	2003-10-20	4	\N	28	\N	\N				5c74ccee-68d0-4bb3-a7b7-3a2d115bceaa	"	DAVI GOMES MACÊDO	AFASTADO
2025-09-09	1989-01-16	4	\N	32	\N	\N	55 (86) 9 9860-8486	55 (86)  3233-6499		03837345335	"RUA DES. MANOEL CASTELO BRANCO	HULDA MARA LUSTOSA PEREIRA DE ARAÚJO	AFASTADO
2025-09-09	1975-03-08	4	\N	39	\N	\N	88988280758		celinapessoa08@gmail.com	79077641300	"RUA AUGUSTA VERAS. 02 - CENTRO	MARIA CELINA PEREIRA PESSOA	AFASTADO
2025-09-09	1983-08-25	4	\N	42	\N	\N	55 (86) 9 9925-2049			95603727349	"RUA DARCI ARAUJO	NEYLON ARAUJO SILVA	AFASTADO
2025-09-09	1997-03-09	4	10	26	36	\N			\N	be957fa5-2cf3-4dfa-9c13-856cd0e7644f	"	ANDRE ANDERSON MENDES SOARES DE OLIVEIRA	FREQUENTE
2025-09-09	1984-01-12	4	5	29	9	\N			\N	d9000718-86cf-428a-8e6f-f788eec4d91d	"	DEYRES KENNIA LIMA SOARES	FREQUENTE
2025-09-09	1989-01-16	4	1	31	\N	\N	86981362483		\N	03a9e0b2-a966-438e-aae9-d91a5a134440	"RUA MOACY CORREIA RODRIGUES	FRANCISCO WELLINGTON SILVA OLIVEIRA	FREQUENTE
2025-09-09	1959-10-26	2	12	4	6	\N	55 (88)  9998-8444		\N	15543870353	"RUA JOSÉ GABRIEL DA COSTA	JOSÉ MARQUES MACIEL	FREQUENTE
2025-09-09	1988-01-04	4	7	37	12	\N			\N	f78b0901-83d7-4940-b5df-a55ae23a798d	"	LETÍCIA GUIMARÃES FARIAS	FREQUENTE
2025-09-09	1989-10-28	4	\N	35	\N	\N	55 (86) 9 9803-9661		\N	04025901390	"AV. NOSSA SENHORA DE FÁTIMA	LARA CRUZ MIRANDA DA SILVA	AFASTADO
2025-09-09	1983-10-20	3	2	10	21	\N	55 (86) 9 8823-2098			65584694304	"RUA FELIPE FONTINELE 880	ALAN SERVIO DE ARAUJO	FREQUENTE
2025-09-09	1983-01-06	2	11	7	60	\N	86994591022		\N	97164259100	"RUA COELHO BASTOS N 667	RACHEL MENDONÇA DIAS ALVES	FREQUENTE
2025-09-09	1984-12-10	3	2	21	10	\N	55 (86) 9 9908-3333		\N	00953527328	"RUA FELIPE FONTINELE 880	TALINE MACHADO MACIEL ARAUJO	FREQUENTE
2025-09-09	1983-04-25	4	11	38	\N	\N		55 (86) 9 9429-7616	\N	00718760301	"	LIA RAKEL ROCHA DE OLIVEIRA	FREQUENTE
2025-09-05	1970-07-31	3	4	1	44	3	55 (88) 9 9997-1047			37079913349	"RUA JOSÉ BEZERRA DA SILVA	MARCELO MUNIZ MACEDO	FREQUENTE
2025-09-09	1977-12-24	2	1	5	8	\N	55 (84)  8704-8200			03059035431	"RUA.  PONTA DE SERRAMBI - Nº 2298	MANUELLA FERNANDES DIAS	FREQUENTE
2025-09-09	1989-05-17	4	2	36	\N	\N	55 (86) 9 9960-2944			02099944369	"RUA DEOCLECIO BRITO	LAURA FELIZARDO SOARES DE OLIVEIRA ARAUJO	FREQUENTE
2025-09-09	1996-02-22	3	1	19	2	\N	55 (86) 9 8154-9717		\N	02888518201	"RUA FRANCISCO AIRES	SANMADY LIMA DA ROCHA	FREQUENTE
2025-09-09	1959-07-18	4	10	40	\N	\N	55 (85) 9 8854-3092			30151147353	"AV. MARIA DIAMANTINA VERA	MARIA DOS NAVEGANTES GOUVEIA	FREQUENTE
2025-09-09	1972-01-16	2	12	6	4	\N	55 (88)  9995-8181		\N	46621733372	"RUA JOSÉ GABRIEL DA COSTA	RACHEL CARVALHO GOMES MACIEL	FREQUENTE
2025-09-09	1987-12-18	4	13	46	41	\N	55 (86) 9 9930-2107		\N	01363641360	"RUA ESPERANZA FONTENELE DE CARVALHO	THOMPSOM THAUZER RODRIGUES DE ARAÚJO	FREQUENTE
2025-09-09	1983-09-16	3	1	17	\N	\N	55 (86) 9 8836-8566			01533562350	"RUA DR. MÁRIO LAGES	MARY ROSE DOS SANTOS VASCONCELOS	FREQUENTE
2025-09-09	1966-05-12	2	8	8	5	\N	55 (84) 9 9498-4024			01196204489	"RUA. PONTA DE SERRAMBI - Nº 2298	SERGE ERIC PITTET	FREQUENTE
2025-09-09	1987-12-02	1	8	2	19	\N	55 (86) 9 8855-4521			93102615287	"RUA FRANCISCO AYRES	EMANUEL LUIS DE MESSIAS ALVES	FREQUENTE
2025-09-09	1979-01-30	1	2	3	13	\N	55 (86) 9 9965-0685	55 (86)  3322-8230		80822193353	"RUA FRANCISCO GONCALVES	MARCELO DE CARVALHO FILGUEIRAS	FREQUENTE
2025-09-09	1971-09-03	3	1	11	\N	\N	55 (86) 9 9947-0489	55 (86)  3315-1229		25188562855	"RUA TELIUS FERRAZ	ALEXANDRE KEMENES	FREQUENTE
2025-09-09	1986-07-11	3	2	12	37	\N	55 (85) 9 9911-4511		brenoudv@gmail.com	02184067385	"R AFONSO PENA 100 CASA 11	BRENO AGUIAR FREITAS	FREQUENTE
2025-09-09	1982-12-18	3	2	13	3	\N	55 (86) 9 9941-6031	55 (86)  3322-8230		98710338349	"RUA MARIOTE REBELO	GRAZIELA DE MORAES RUBIM FILGUEIRAS	FREQUENTE
2025-09-09	2002-12-16	4	\N	23	\N	\N	86981796500			04356909305	"RUA LINCOLN FONTINELE GUIMARÃES	ABRAAO BRUNO DE OLIVEIRA MOTA	AFASTADO
2025-09-09	2002-08-30	4	9	33	36	\N	86995056556		ismaelfelizardo15@gmail.com	08273037347	"RUA DOS BEM-TE-VIS	ISMAEL FELIZARDO SOARES DE OLIVEIRA	FREQUENTE
2025-09-09	1981-03-04	4	1	45	\N	\N	55 (86) 9 9981-1801		\N	03889674470	"RUA DES MANOEL CASTELO BRANCO	ROMULO PAULO CORDAO	FREQUENTE
2025-09-09	1981-08-10	3	1	15	17	\N	55 (86) 9 8852-2593	55 (86)  3321-2814	\N	87552302372	"RUA DOUTOR MARIO LAGES	JOSÉ LEON QUIRINO VASCONCELOS	FREQUENTE
2025-09-09	1984-01-12	3	10	22	\N	\N	69 (69) 9 9237-9961		\N	86173650215	"RUA ANTONIO LOPES DO NASCIMENTO	VANESSA SOUZA DE OLIVEIRA	FREQUENTE
2025-09-09	1999-05-06	4	13	41	46	\N	+55 (86) 9 9528-1971		\N	07579821311	"AVENIDA MARIA DIAMANTINA VERAS	MARIA TAINARA PEREIRA PESSOA GOUVEIA	FREQUENTE
2025-09-09	2005-01-10	4	12	25	4	\N	88999958282		\N	08605739312	"RUA FRANCISCO ADAMIR DE LIMA	ANAMARIA GOMES MACIEL	FREQUENTE
2025-09-09	2000-10-15	3	4	16	\N	\N	55 (86) 9 9947-8897			02658901364	"QUADRA 12	MARINA CANDIDA DE LIMA BENTO	FREQUENTE
2025-09-09	1976-04-01	4	4	44	1	\N			\N	62810545391	"	PAULA ANDRÉA GOMES MACEDO	FREQUENTE
2025-09-09	1999-02-09	4	2	27	47	\N			\N	03632192260	"	ANGELA DE OLIVEIRA BONFIM CALIMAN	FREQUENTE
2025-09-09	1970-12-07	3	12	20	\N	\N			\N	39427692391	"	SARA MARIA DE ARAÚJO SANTOS	FREQUENTE
2025-09-09	2003-01-26	4	4	34	\N	\N			\N	61918496307	"	JOAO VICTOR MACIEL FERREIRA GOMES	FREQUENTE
2025-09-09	1982-12-20	3	5	9	29	\N			\N	93269110391	"	ADEMAR DAMASCENO SOARES	FREQUENTE
2025-09-09	1949-06-27	4	1	43	17	\N	+55 (86)  9519-3230		\N	ab15c479-ac67-45c2-81ff-6cd4c29e9d0e	"	NÚBIA QUIRINO VASCONCELOS	FREQUENTE
2025-09-16	1992-10-16	2	\N	62	\N	\N	55 (98) 9 8534-4692|	\N	matosalmeidaingrid@gmail.com	67076076349	AV. ITAUNA, QD. 54, Nº 02, PARQUE ARACAGY, SÃO JOSÉ DE RIBAMAR-MA 65110-000, BRASIL	INGRID MATOS ALMEIDA	FREQUENTE
2025-09-16	1988-11-30	2	\N	63	\N	\N	55 (98) 9 8156-3431|	\N	ditalo2701@gmail.com	60108877396	AV. ITAUNA, QD. 2B. Nº 02, PARQUE ARACAGY, SAO JOSE DE RIBAMAR-MA 65110-000, BRASIL	PLAUGUS D´ITALO DE SOUSA ALMEIDA	FREQUENTE
2025-09-15	1987-04-25	4	1	54	\N	\N			\N	cca269ef-3e7c-40e2-bb8f-93175eb3a9ca	"	Francisco José de Brito Junior	FREQUENTE
2025-09-20	\N	4	\N	66	\N	\N	\N	\N	\N	00257475000168	\N	U D V NUCLEO FORTALEZA	FREQUENTE
2025-09-20	\N	4	\N	68	\N	\N	\N	\N	\N	49636484000159	\N	CASA SALES PHB	FREQUENTE
2025-09-09	1987-04-01	4	1	47	27	\N			\N	52984842200	"	WESLEY RICARDO ROCHA CALIMAN	FREQUENTE
2025-09-15	1989-10-29	2	11	60	7	\N	\N	\N	\N	155438703-53		KLEBER CASSIANO ALVES	FREQUENTE
\.


--
-- Data for Name: usuario_roles; Type: TABLE DATA; Schema: public; Owner: tesourario
--

COPY public.usuario_roles (role_id, usuario_id) FROM stdin;
1	1
2	1
2	2
2	3
3	4
3	5
3	6
3	7
3	8
3	9
3	10
3	11
3	12
3	13
3	14
3	15
3	16
3	17
3	18
3	19
3	20
3	21
3	22
3	23
3	24
3	25
3	26
3	27
3	28
3	29
3	31
3	32
3	33
3	34
3	35
3	36
3	37
3	38
3	39
3	40
3	41
3	42
3	43
3	44
3	45
3	46
3	47
\.


--
-- Data for Name: usuarios; Type: TABLE DATA; Schema: public; Owner: tesourario
--

COPY public.usuarios (id, socio_id, password, username) FROM stdin;
1	\N	$2a$10$UWvBLdQp4klQiiVdQJVDXeiLx8GALI5JC4Wb86t3a61h.MD3cO0aO	admin@sigest.com
2	\N	$2a$10$tdBrwzzlLQqs6xnbeKzbKOU24n7a/8w0fvlYG1hrcwQdrQkE5OTDi	tesoureiro
3	1	$2a$10$SxqlhKDj.2h9dWv.pTaex.h/DwHjg9iPhCcCior97GaXPQsYO4sf.	marcelo.macedo
4	2	$2a$10$sDG2UAcqFTvhYYjXkwCRz.PqseMaSzFkQkAt34TgvMpAFDi0AuewC	curumiemanuel@hotmail.com
5	3	$2a$10$zC8Lb.27aniiWVpMNCvDXOQKMtr8doVvwzFjnt7wMkjRHhaz2Q5mi	marcelofilgueiras9@gmail.com
6	4	$2a$10$qk/yIWfglY0LE8NtnqHVbeEQi7CpuHM/GE5Fx94yVjxTbx5sIfyp6	macielmarquesjose@outlook.com
7	5	$2a$10$DkxhsMbo/WprBfQbVorWf.KRfiCv.pYyj8Ynuxzkv.Mzm8WWNYw6O	cabalafdias@hotmail.com
8	6	$2a$10$ef/7Q/vKVU5AoeZpPWuYb.PYlW5lHhETHx0RXkG9vNaBFYcXzjAMu	carvalhogomesrachel@yahoo.com.br
9	7	$2a$10$.WfCQu5vc8mEw8f8psIP9.bARoPIkcjC8KChQa/Zymxvpm07JUI.W	rachelmddias@gmail.com
10	8	$2a$10$/Aa5lC3hbXX1eoGIwT9LiuieuP36fPyV4l21Kh4p.kh1S/ZroyMdy	sergepittet12@hotmail.com
11	9	$2a$10$gGZ0f9iqXKFQRLXMVrfB4OwBj3ps.ATYiyiozAcG3Xw4FJAUNe3Ba	b1b29225-0b5e-4b6d-ab40-fc12f684bc54
12	10	$2a$10$82ReCUFGi7CZA4qkkaRya.t/IC73mv9EBV2kwnx4bZ.91IMX1tm5.	servioalan@gmail.com
13	11	$2a$10$qrA2ErjllovaFTOWOsXmE.1.gj/wLgIQ4yMor78txZUsWvVaZN/tm	alexandre.kemenes@gmail.com
14	12	$2a$10$8Rf839y5UWCDKT.esLBP3.AqmJq6IYzXH9.wwJIcC..Rvjo908EC6	5d24da77-5c5c-4419-a18b-da14786962cc
15	13	$2a$10$jYJnd0LwM0eotNjftbme4..c4WRE9LQn2A1u8msTA3nzvQueqJaYO	grazielamrfilgueiras@hotmail.com
16	15	$2a$10$MVSnJuSSAN3UVBbue2kD.OiG4P.UjstHmjFO8J.n9WMOig8sEUUtS	joseleon.vasconcelos@gmail.com
17	16	$2a$10$cAHNOpGXozOsoNsasYd4fu5JAbN6ASwN0H0JxPRN7muhLrKXkWgmu	marinalima101@hotmail.com
18	17	$2a$10$msRFyT7Qc014THkkxGEi0uktM9jjPXPlmnWlFlYDFuFCwkp14P4H2	melzinha.leon@gmail.com
19	19	$2a$10$1WZBI8bXKuQB6S.95sbt8./M5.O.lHTTEeHqrZ4CnZPqqP5892uE6	sanmadytk@gmail.com
20	20	$2a$10$yuWd6vXOYISb.3rl42g8JeQhBPc.mcd970zVYz/eeRtEAgD9rPebG	bee560ef-2031-4b76-a286-b9fb72aeba15
21	21	$2a$10$9ZsSmPivP5jMOnoroTwvuufNkGbm9eL49VFhQaTQdHVn58bbkLbE.	e5aca530-f697-42e1-8044-cc9214473ae6
22	22	$2a$10$0zJmMzIhLulyaijSlQudm.lGTAnZi/W3jNQEHPoJX381fOnZCk1JG	vanessajafraroyal@gmail.com
23	23	$2a$10$pLbS6XHNwYNnvlEXMlj/A./RRUmi8tpsNQqrSrZ7ZrCjPxO9nKxA2	abraobruno76@gmail.com
24	24	$2a$10$1CvMf6snHeBgfz5O5Cb8ZeGgYrCmB2ED8tuLnlEC/suGZQwg3gWnu	portoaguiaralanjones@gmail.com
25	25	$2a$10$VLvsf7RntwAEEiI8PX22GOolAifZJpQ7khwKillpgUWNXPDyZTIra	anamariagomeesmaciel@gmail.com
26	26	$2a$10$KTUdOL3.TFedTfZmxjwVAOiY7vYv2MyQtpFz4itsoHfh35XSTqMsG	473b1e93-8397-4e1e-8815-3ab0f4ac3585
27	27	$2a$10$NOC3BR7Xx5LPAJhYiAXR/.aAVVBAki6PXf.hl9L9EYM0SuWNYtMQC	angelabomfim16@gmail.com
28	28	$2a$10$bKx4IVF0C7TDicm1coo.TOfGUjTHyj3br7B.J/3pZCUmnrXV5yWHW	249a79ee-d578-4107-b3c5-1eaa8b602fbc
29	29	$2a$10$xtYscceDiYsSXRzuioLDye7cAL16uIpLIotDKocULze2hPm2.6B0O	76639b76-4e14-4665-8f3e-57ee1c1ae53f
31	31	$2a$10$8NXPk9OraBbfWtG15UpsR.JizPxm6IAEToBiq20TG/khkh0ncSxLW	oliveirawellington241@gmail.com
32	32	$2a$10$oKK5ckgT3FiJr/3bAG17dOqkKPDutsTtUIwtqef3pOZvUguYTqiT2	hulda_mara@hotmail.com
33	33	$2a$10$O93o4hPdtxNC6GTjSBS0Nur2YHD19JHuBZlcFY2bSx.RTb6Q1e6u6	2c9758e8-1bc4-46e0-8141-a002ac0dee6f
34	34	$2a$10$ggauVpCIwvRsKTZHOYRe9.Vy6/ZSMtnlXzGwbp71aqN8B6qK727VS	joao_victor_gomes@outlook.com
35	35	$2a$10$ZhoY0nhY9BdSTmZwWDV.FOJDXNtXQXPIBKnZBTy98W.ULyOcvD.oq	lahramiranda@hotmail.com
36	36	$2a$10$1dEvrmoMjM6jicFPQ7ahN.NJu00mtbsl9yf84UEeaHF2KMqMXIvSq	feliz.laura17@gmail.com
37	37	$2a$10$.vqxt/a0b9T0tL58Us6xW.Ay3m6sMrn6FU7jga9zk.l7oo0xHX/oG	bd57ffa6-6e1a-4dd6-be6e-900baf3baf5c
38	38	$2a$10$BIYuXWSg6V/J1PAPGxyDJ.NUSWKDOknIaSNbpjvJ70inSf98x2mGa	liarakelmed2018@gmail.com
39	39	$2a$10$cNuzrb9HR5kLGa/yIDVMCeOVEQEu3lU8sPH9n5Jj6xKcXWoJ7PTVm	607b69ea-d1c3-4fad-976f-7cf7903154c8
40	40	$2a$10$Hxs/Xsbz9K.lwDAm28XUfOAAZpBZA8nMyG3kEcIjAGnmfW3ge/xY.	d3d83736-95de-41b3-9e0a-de863a14325e
41	41	$2a$10$S0gZX4ggyW9ZM.fiplH5CO9vriN1mWRf3HEMWfB9LPtezQ/hsl5IW	tainarappgouveia@gmail.com
42	42	$2a$10$ORDPNytHsZTd0sJ9rI8GEujls.etMZoLM7XxmwPjtmMbAuQljI5wC	neylonaraujosilva@gmail.com
43	43	$2a$10$e3shnJ4o8L2XFbXfd.oq.O243s3JMNbHB5HD.dr0qmurOzj5k9pIi	null
44	44	$2a$10$uVkzqgInw/CgwgwY/HVMQezI43MDOYmGQYtP96gfruFAbMz5rCjSS	96491565-8dcb-4210-95e6-78ab7a9c0c01
45	45	$2a$10$R43q5hPgqsGMy/fYgPUOyufvc1U/NTy/q3qhhCB/HFiRuxel3HKPW	romulopaulocordao@gmail.com
46	46	$2a$10$wH9Cs1H0F5cS5sQsux/3GOxQbsJN3Vl2N.zs2VfFUY9q0j5dbU.wy	thompsom2016@gmail.com
47	47	$2a$10$8Fld/P1ChxpTnGqxRss7MO7td1ILbPEY3TW0z4/acSgCBis3oMXA.	wrcaliman@gmail.com
\.


--
-- Name: socios_id_seq1; Type: SEQUENCE SET; Schema: public; Owner: tesourario
--

SELECT pg_catalog.setval('public.socios_id_seq1', 1, false);


--
-- Name: usuarios_id_seq1; Type: SEQUENCE SET; Schema: public; Owner: tesourario
--

SELECT pg_catalog.setval('public.usuarios_id_seq1', 1, false);


--
-- Name: socios socios_pkey; Type: CONSTRAINT; Schema: public; Owner: tesourario
--

ALTER TABLE ONLY public.socios
    ADD CONSTRAINT socios_pkey PRIMARY KEY (id);


--
-- Name: usuarios usuarios_pkey; Type: CONSTRAINT; Schema: public; Owner: tesourario
--

ALTER TABLE ONLY public.usuarios
    ADD CONSTRAINT usuarios_pkey PRIMARY KEY (id);


--
-- Name: socios fk_socios_grupo_mensalidade; Type: FK CONSTRAINT; Schema: public; Owner: tesourario
--

ALTER TABLE ONLY public.socios
    ADD CONSTRAINT fk_socios_grupo_mensalidade FOREIGN KEY (grupo_mensalidade_id) REFERENCES public.grupo_mensalidade(id);


--
-- Name: socios fk_socios_titular; Type: FK CONSTRAINT; Schema: public; Owner: tesourario
--

ALTER TABLE ONLY public.socios
    ADD CONSTRAINT fk_socios_titular FOREIGN KEY (socio_titular_id) REFERENCES public.socios(id);


--
-- Name: socios fk_socios_usuario; Type: FK CONSTRAINT; Schema: public; Owner: tesourario
--

ALTER TABLE ONLY public.socios
    ADD CONSTRAINT fk_socios_usuario FOREIGN KEY (usuario_id) REFERENCES public.usuarios(id);


--
-- Name: usuario_roles fk_usuario_roles_role; Type: FK CONSTRAINT; Schema: public; Owner: tesourario
--

ALTER TABLE ONLY public.usuario_roles
    ADD CONSTRAINT fk_usuario_roles_role FOREIGN KEY (role_id) REFERENCES public.roles(id);


--
-- Name: usuarios fk_usuarios_socio; Type: FK CONSTRAINT; Schema: public; Owner: tesourario
--

ALTER TABLE ONLY public.usuarios
    ADD CONSTRAINT fk_usuarios_socio FOREIGN KEY (socio_id) REFERENCES public.socios(id);


--
-- Name: usuario_roles fkuu9tea04xb29m2km5lwe46ua; Type: FK CONSTRAINT; Schema: public; Owner: tesourario
--

ALTER TABLE ONLY public.usuario_roles
    ADD CONSTRAINT fkuu9tea04xb29m2km5lwe46ua FOREIGN KEY (usuario_id) REFERENCES public.usuarios(id);


--
-- PostgreSQL database dump complete
--

\unrestrict flLbT5p5MN15qoeqm0QF7KfJWK2K6I6tWdF3Jd5rIlwlmeDfMn07lcHniMexgNs

